2026-08-14 15:19:24.411 [Test worker] INFO  o.s.boot.SpringApplication [] [] - 
  .   ____          _            __ _ _
 /\\ / ___'_ __ _ _(_)_ __  __ _ \ \ \ \
( ( )\___ | '_ | '_| | '_ \/ _` | \ \ \ \
 \\/  ___)| |_)| | | | | || (_| |  ) ) ) )
  '  |____| .__|_| |_|_| |_\__, | / / / /
 =========|_|==============|___/=/_/_/_/

 :: Spring Boot ::                (v4.1.0)


2026-08-14 15:19:24.429 [Test worker] INFO  c.fhlbdm.eadvantage.ApplicationTests [] [] - Starting ApplicationTests using Java 21.0.12 with PID 7562 (started by hkandie in /Users/hkandie/bench/readv/backend)
2026-08-14 15:19:24.430 [Test worker] DEBUG c.fhlbdm.eadvantage.ApplicationTests [] [] - Running with Spring Boot v4.1.0, Spring v7.0.8
2026-08-14 15:19:24.430 [Test worker] INFO  c.fhlbdm.eadvantage.ApplicationTests [] [] - The following 1 profile is active: "local"
2026-08-14 15:19:24.951 [Test worker] WARN  o.s.b.s.a.UserDetailsServiceAutoConfiguration [] [] - 

Using generated security password: c8a6fa44-0594-44c2-8ed3-a06ac6f708d9

This generated password is for development use only. Your security configuration must be updated before running your application in production.

2026-08-14 15:19:24.972 [Test worker] INFO  o.s.s.c.a.a.c.InitializeUserDetailsBeanManagerConfigurer$InitializeUserDetailsManagerConfigurer [] [] - Global AuthenticationManager configured with UserDetailsService bean with name inMemoryUserDetailsManager
2026-08-14 15:19:25.032 [Test worker] DEBUG o.s.s.web.DefaultSecurityFilterChain [] [] - Will secure any request with filters: DisableEncodeUrlFilter, WebAsyncManagerIntegrationFilter, SecurityContextHolderFilter, HeaderWriterFilter, CsrfFilter, LogoutFilter, UsernamePasswordAuthenticationFilter, DefaultResourcesFilter, DefaultLoginPageGeneratingFilter, DefaultLogoutPageGeneratingFilter, BasicAuthenticationFilter, RequestCacheAwareFilter, SecurityContextHolderAwareRequestFilter, AnonymousAuthenticationFilter, ExceptionTranslationFilter, AuthorizationFilter
2026-08-14 15:19:25.116 [Test worker] INFO  c.fhlbdm.eadvantage.ApplicationTests [] [] - Started ApplicationTests in 0.846 seconds (process running for 1.65)
2026-08-14 15:19:25.732 [Test worker] INFO  o.s.t.c.s.AnnotationConfigContextLoaderUtils [] [] - Could not detect default configuration classes for test class [com.fhlbdm.eadvantage.user.UserControllerTest]: UserControllerTest does not declare any static, non-private, non-final, nested classes annotated with @Configuration.
2026-08-14 15:19:25.737 [Test worker] INFO  o.s.b.t.c.SpringBootTestContextBootstrapper [] [] - Found @SpringBootConfiguration com.fhlbdm.eadvantage.Application for test class com.fhlbdm.eadvantage.user.UserControllerTest
2026-08-14 15:19:25.737 [Test worker] INFO  o.s.t.c.s.AnnotationConfigContextLoaderUtils [] [] - Could not detect default configuration classes for test class [com.fhlbdm.eadvantage.user.UserControllerTest]: UserControllerTest does not declare any static, non-private, non-final, nested classes annotated with @Configuration.
2026-08-14 15:19:25.738 [Test worker] INFO  o.s.b.t.c.SpringBootTestContextBootstrapper [] [] - Found @SpringBootConfiguration com.fhlbdm.eadvantage.Application for test class com.fhlbdm.eadvantage.user.UserControllerTest
2026-08-14 15:19:25.761 [Test worker] INFO  o.s.boot.SpringApplication [] [] - 
  .   ____          _            __ _ _
 /\\ / ___'_ __ _ _(_)_ __  __ _ \ \ \ \
( ( )\___ | '_ | '_| | '_ \/ _` | \ \ \ \
 \\/  ___)| |_)| | | | | || (_| |  ) ) ) )
  '  |____| .__|_| |_|_| |_\__, | / / / /
 =========|_|==============|___/=/_/_/_/

 :: Spring Boot ::                (v4.1.0)


2026-08-14 15:19:25.764 [Test worker] INFO  c.f.e.user.UserControllerTest [] [] - Starting UserControllerTest using Java 21.0.12 with PID 7562 (started by hkandie in /Users/hkandie/bench/readv/backend)
2026-08-14 15:19:25.764 [Test worker] DEBUG c.f.e.user.UserControllerTest [] [] - Running with Spring Boot v4.1.0, Spring v7.0.8
2026-08-14 15:19:25.764 [Test worker] INFO  c.f.e.user.UserControllerTest [] [] - The following 1 profile is active: "local"
2026-08-14 15:19:25.890 [Test worker] INFO  o.s.boot.tomcat.TomcatWebServer [] [] - Tomcat initialized with port 0 (http)
2026-08-14 15:19:25.899 [Test worker] INFO  o.a.coyote.http11.Http11NioProtocol [] [] - Initializing ProtocolHandler ["http-nio-auto-1"]
2026-08-14 15:19:25.900 [Test worker] INFO  o.a.catalina.core.StandardService [] [] - Starting service [Tomcat]
2026-08-14 15:19:25.900 [Test worker] INFO  o.a.catalina.core.StandardEngine [] [] - Starting Servlet engine: [Apache Tomcat/11.0.22]
2026-08-14 15:19:25.921 [Test worker] INFO  o.s.b.w.c.s.WebApplicationContextInitializer [] [] - Root WebApplicationContext: initialization completed in 156 ms
2026-08-14 15:19:25.974 [Test worker] WARN  o.s.b.s.a.UserDetailsServiceAutoConfiguration [] [] - 

Using generated security password: 01a4e8d2-57ed-4f22-bc09-7c05b9a252cc

This generated password is for development use only. Your security configuration must be updated before running your application in production.

2026-08-14 15:19:25.979 [Test worker] INFO  o.s.s.c.a.a.c.InitializeUserDetailsBeanManagerConfigurer$InitializeUserDetailsManagerConfigurer [] [] - Global AuthenticationManager configured with UserDetailsService bean with name inMemoryUserDetailsManager
2026-08-14 15:19:25.987 [Test worker] DEBUG o.s.s.web.DefaultSecurityFilterChain [] [] - Will secure any request with filters: DisableEncodeUrlFilter, WebAsyncManagerIntegrationFilter, SecurityContextHolderFilter, HeaderWriterFilter, CsrfFilter, LogoutFilter, UsernamePasswordAuthenticationFilter, DefaultResourcesFilter, DefaultLoginPageGeneratingFilter, DefaultLogoutPageGeneratingFilter, BasicAuthenticationFilter, RequestCacheAwareFilter, SecurityContextHolderAwareRequestFilter, AnonymousAuthenticationFilter, ExceptionTranslationFilter, AuthorizationFilter
2026-08-14 15:19:25.992 [Test worker] INFO  o.a.coyote.http11.Http11NioProtocol [] [] - Starting ProtocolHandler ["http-nio-auto-1"]
2026-08-14 15:19:25.999 [Test worker] INFO  o.s.boot.tomcat.TomcatWebServer [] [] - Tomcat started on port 65196 (http) with context path '/readvantage'
2026-08-14 15:19:26.001 [Test worker] INFO  c.f.e.user.UserControllerTest [] [] - Started UserControllerTest in 0.26 seconds (process running for 2.535)
2026-08-14 15:19:26.002 [Test worker] WARN  o.s.test.context.TestContextManager [] [] - Caught exception while allowing TestExecutionListener [org.springframework.test.context.support.DependencyInjectionTestExecutionListener] to prepare test instance [com.fhlbdm.eadvantage.user.UserControllerTest@138a952f]
org.springframework.beans.factory.UnsatisfiedDependencyException: Error creating bean with name 'com.fhlbdm.eadvantage.user.UserControllerTest': Unsatisfied dependency expressed through field 'webTestClient': No qualifying bean of type 'org.springframework.test.web.reactive.server.WebTestClient' available: expected at least 1 bean which qualifies as autowire candidate. Dependency annotations: {@org.springframework.beans.factory.annotation.Autowired(required=true)}
	at org.springframework.beans.factory.annotation.AutowiredAnnotationBeanPostProcessor$AutowiredFieldElement.resolveFieldValue(AutowiredAnnotationBeanPostProcessor.java:767)
	at org.springframework.beans.factory.annotation.AutowiredAnnotationBeanPostProcessor$AutowiredFieldElement.inject(AutowiredAnnotationBeanPostProcessor.java:748)
	at org.springframework.beans.factory.annotation.InjectionMetadata.inject(InjectionMetadata.java:146)
	at org.springframework.beans.factory.annotation.AutowiredAnnotationBeanPostProcessor.postProcessProperties(AutowiredAnnotationBeanPostProcessor.java:493)
	at org.springframework.beans.factory.support.AbstractAutowireCapableBeanFactory.populateBean(AbstractAutowireCapableBeanFactory.java:1444)
	at org.springframework.beans.factory.support.AbstractAutowireCapableBeanFactory.autowireBeanProperties(AbstractAutowireCapableBeanFactory.java:402)
	at org.springframework.test.context.support.DependencyInjectionTestExecutionListener.injectDependencies(DependencyInjectionTestExecutionListener.java:157)
	at org.springframework.test.context.support.DependencyInjectionTestExecutionListener.prepareTestInstance(DependencyInjectionTestExecutionListener.java:111)
	at org.springframework.test.context.TestContextManager.prepareTestInstance(TestContextManager.java:260)
	at org.springframework.test.context.junit.jupiter.SpringExtension.postProcessTestInstance(SpringExtension.java:242)
	at org.junit.jupiter.engine.descriptor.ClassBasedTestDescriptor.lambda$invokeTestInstancePostProcessors$1(ClassBasedTestDescriptor.java:423)
	at org.junit.jupiter.engine.descriptor.ClassBasedTestDescriptor.executeAndMaskThrowable(ClassBasedTestDescriptor.java:428)
	at org.junit.jupiter.engine.descriptor.ClassBasedTestDescriptor.lambda$invokeTestInstancePostProcessors$0(ClassBasedTestDescriptor.java:422)
	at java.base/java.util.stream.ForEachOps$ForEachOp$OfRef.accept(ForEachOps.java:184)
	at java.base/java.util.stream.ReferencePipeline$3$1.accept(ReferencePipeline.java:197)
	at java.base/java.util.stream.ReferencePipeline$2$1.accept(ReferencePipeline.java:179)
	at java.base/java.util.stream.ReferencePipeline$3$1.accept(ReferencePipeline.java:197)
	at java.base/java.util.ArrayList$ArrayListSpliterator.forEachRemaining(ArrayList.java:1708)
	at java.base/java.util.stream.AbstractPipeline.copyInto(AbstractPipeline.java:509)
	at java.base/java.util.stream.AbstractPipeline.wrapAndCopyInto(AbstractPipeline.java:499)
	at java.base/java.util.stream.ForEachOps$ForEachOp.evaluateSequential(ForEachOps.java:151)
	at java.base/java.util.stream.ForEachOps$ForEachOp$OfRef.evaluateSequential(ForEachOps.java:174)
	at java.base/java.util.stream.AbstractPipeline.evaluate(AbstractPipeline.java:234)
	at java.base/java.util.stream.ReferencePipeline.forEach(ReferencePipeline.java:596)
	at org.junit.jupiter.engine.descriptor.ClassBasedTestDescriptor.invokeTestInstancePostProcessors(ClassBasedTestDescriptor.java:422)
	at org.junit.jupiter.engine.descriptor.ClassBasedTestDescriptor.lambda$instantiateAndPostProcessTestInstance$0(ClassBasedTestDescriptor.java:334)
	at org.junit.platform.engine.support.hierarchical.ThrowableCollector.execute(ThrowableCollector.java:74)
	at org.junit.jupiter.engine.descriptor.ClassBasedTestDescriptor.instantiateAndPostProcessTestInstance(ClassBasedTestDescriptor.java:333)
	at org.junit.jupiter.engine.descriptor.ClassBasedTestDescriptor.lambda$testInstancesProvider$1(ClassBasedTestDescriptor.java:322)
	at java.base/java.util.Optional.orElseGet(Optional.java:364)
	at org.junit.jupiter.engine.descriptor.ClassBasedTestDescriptor.lambda$testInstancesProvider$0(ClassBasedTestDescriptor.java:321)
	at org.junit.jupiter.engine.execution.TestInstancesProvider.getTestInstances(TestInstancesProvider.java:27)
	at org.junit.jupiter.engine.descriptor.TestMethodTestDescriptor.lambda$prepare$0(TestMethodTestDescriptor.java:127)
	at org.junit.platform.engine.support.hierarchical.ThrowableCollector.execute(ThrowableCollector.java:74)
	at org.junit.jupiter.engine.descriptor.TestMethodTestDescriptor.prepare(TestMethodTestDescriptor.java:126)
	at org.junit.jupiter.engine.descriptor.TestMethodTestDescriptor.prepare(TestMethodTestDescriptor.java:70)
	at org.junit.platform.engine.support.hierarchical.NodeTestTask.lambda$prepare$0(NodeTestTask.java:144)
	at org.junit.platform.engine.support.hierarchical.ThrowableCollector.execute(ThrowableCollector.java:74)
	at org.junit.platform.engine.support.hierarchical.NodeTestTask.prepare(NodeTestTask.java:144)
	at org.junit.platform.engine.support.hierarchical.NodeTestTask.execute(NodeTestTask.java:110)
	at java.base/java.util.ArrayList.forEach(ArrayList.java:1596)
	at org.junit.platform.engine.support.hierarchical.SameThreadHierarchicalTestExecutorService.invokeAll(SameThreadHierarchicalTestExecutorService.java:42)
	at org.junit.platform.engine.support.hierarchical.NodeTestTask.lambda$executeRecursively$2(NodeTestTask.java:180)
	at org.junit.platform.engine.support.hierarchical.ThrowableCollector.execute(ThrowableCollector.java:74)
	at org.junit.platform.engine.support.hierarchical.NodeTestTask.lambda$executeRecursively$1(NodeTestTask.java:166)
	at org.junit.platform.engine.support.hierarchical.Node.around(Node.java:138)
	at org.junit.platform.engine.support.hierarchical.NodeTestTask.lambda$executeRecursively$0(NodeTestTask.java:164)
	at org.junit.platform.engine.support.hierarchical.ThrowableCollector.execute(ThrowableCollector.java:74)
	at org.junit.platform.engine.support.hierarchical.NodeTestTask.executeRecursively(NodeTestTask.java:163)
	at org.junit.platform.engine.support.hierarchical.NodeTestTask.execute(NodeTestTask.java:116)
	at java.base/java.util.ArrayList.forEach(ArrayList.java:1596)
	at org.junit.platform.engine.support.hierarchical.SameThreadHierarchicalTestExecutorService.invokeAll(SameThreadHierarchicalTestExecutorService.java:42)
	at org.junit.platform.engine.support.hierarchical.NodeTestTask.lambda$executeRecursively$2(NodeTestTask.java:180)
	at org.junit.platform.engine.support.hierarchical.ThrowableCollector.execute(ThrowableCollector.java:74)
	at org.junit.platform.engine.support.hierarchical.NodeTestTask.lambda$executeRecursively$1(NodeTestTask.java:166)
	at org.junit.platform.engine.support.hierarchical.Node.around(Node.java:138)
	at org.junit.platform.engine.support.hierarchical.NodeTestTask.lambda$executeRecursively$0(NodeTestTask.java:164)
	at org.junit.platform.engine.support.hierarchical.ThrowableCollector.execute(ThrowableCollector.java:74)
	at org.junit.platform.engine.support.hierarchical.NodeTestTask.executeRecursively(NodeTestTask.java:163)
	at org.junit.platform.engine.support.hierarchical.NodeTestTask.execute(NodeTestTask.java:116)
	at org.junit.platform.engine.support.hierarchical.SameThreadHierarchicalTestExecutorService.submit(SameThreadHierarchicalTestExecutorService.java:36)
	at org.junit.platform.engine.support.hierarchical.HierarchicalTestExecutor.execute(HierarchicalTestExecutor.java:52)
	at org.junit.platform.engine.support.hierarchical.HierarchicalTestEngine.execute(HierarchicalTestEngine.java:58)
	at org.junit.platform.launcher.core.EngineExecutionOrchestrator.executeEngine(EngineExecutionOrchestrator.java:246)
	at org.junit.platform.launcher.core.EngineExecutionOrchestrator.failOrExecuteEngine(EngineExecutionOrchestrator.java:218)
	at org.junit.platform.launcher.core.EngineExecutionOrchestrator.execute(EngineExecutionOrchestrator.java:179)
	at org.junit.platform.launcher.core.EngineExecutionOrchestrator.execute(EngineExecutionOrchestrator.java:108)
	at org.junit.platform.launcher.core.EngineExecutionOrchestrator.lambda$execute$0(EngineExecutionOrchestrator.java:66)
	at org.junit.platform.launcher.core.EngineExecutionOrchestrator.withInterceptedStreams(EngineExecutionOrchestrator.java:157)
	at org.junit.platform.launcher.core.EngineExecutionOrchestrator.execute(EngineExecutionOrchestrator.java:65)
	at org.junit.platform.launcher.core.DefaultLauncher.execute(DefaultLauncher.java:125)
	at org.junit.platform.launcher.core.DefaultLauncher.execute(DefaultLauncher.java:114)
	at org.junit.platform.launcher.core.DefaultLauncher.execute(DefaultLauncher.java:93)
	at org.junit.platform.launcher.core.DelegatingLauncher.execute(DelegatingLauncher.java:48)
	at org.junit.platform.launcher.core.InterceptingLauncher.lambda$execute$0(InterceptingLauncher.java:41)
	at org.junit.platform.launcher.core.ClasspathAlignmentCheckingLauncherInterceptor.intercept(ClasspathAlignmentCheckingLauncherInterceptor.java:25)
	at org.junit.platform.launcher.core.InterceptingLauncher.execute(InterceptingLauncher.java:40)
	at org.junit.platform.launcher.core.DelegatingLauncher.execute(DelegatingLauncher.java:48)
	at org.gradle.api.internal.tasks.testing.junitplatform.JUnitPlatformTestDefinitionProcessor$CollectThenExecuteTestDefinitionConsumer.processAllTestDefinitions(JUnitPlatformTestDefinitionProcessor.java:179)
	at org.gradle.api.internal.tasks.testing.junitplatform.JUnitPlatformTestDefinitionProcessor$CollectThenExecuteTestDefinitionConsumer.access$000(JUnitPlatformTestDefinitionProcessor.java:122)
	at org.gradle.api.internal.tasks.testing.junitplatform.JUnitPlatformTestDefinitionProcessor.stop(JUnitPlatformTestDefinitionProcessor.java:116)
	at org.gradle.api.internal.tasks.testing.SuiteTestDefinitionProcessor.stop(SuiteTestDefinitionProcessor.java:63)
	at java.base/jdk.internal.reflect.DirectMethodHandleAccessor.invoke(DirectMethodHandleAccessor.java:103)
	at java.base/java.lang.reflect.Method.invoke(Method.java:580)
	at org.gradle.internal.dispatch.MethodInvocation.invokeOn(MethodInvocation.java:77)
	at org.gradle.internal.dispatch.ReflectionDispatch.dispatch(ReflectionDispatch.java:28)
	at org.gradle.internal.dispatch.ReflectionDispatch.dispatch(ReflectionDispatch.java:19)
	at org.gradle.internal.dispatch.ContextClassLoaderDispatch.dispatch(ContextClassLoaderDispatch.java:33)
	at org.gradle.internal.dispatch.ProxyDispatchAdapter$DispatchingInvocationHandler.invoke(ProxyDispatchAdapter.java:88)
	at jdk.proxy1/jdk.proxy1.$Proxy4.stop(Unknown Source)
	at org.gradle.api.internal.tasks.testing.worker.TestWorker$3.run(TestWorker.java:195)
	at org.gradle.api.internal.tasks.testing.worker.TestWorker.executeAndMaintainThreadName(TestWorker.java:126)
	at org.gradle.api.internal.tasks.testing.worker.TestWorker.execute(TestWorker.java:103)
	at org.gradle.api.internal.tasks.testing.worker.TestWorker.execute(TestWorker.java:63)
	at org.gradle.process.internal.worker.child.ActionExecutionWorker.execute(ActionExecutionWorker.java:56)
	at org.gradle.process.internal.worker.child.SystemApplicationClassLoaderWorker.call(SystemApplicationClassLoaderWorker.java:122)
	at org.gradle.process.internal.worker.child.SystemApplicationClassLoaderWorker.call(SystemApplicationClassLoaderWorker.java:72)
	at worker.org.gradle.process.internal.worker.GradleWorkerMain.run(GradleWorkerMain.java:69)
	at worker.org.gradle.process.internal.worker.GradleWorkerMain.main(GradleWorkerMain.java:74)
Caused by: org.springframework.beans.factory.NoSuchBeanDefinitionException: No qualifying bean of type 'org.springframework.test.web.reactive.server.WebTestClient' available: expected at least 1 bean which qualifies as autowire candidate. Dependency annotations: {@org.springframework.beans.factory.annotation.Autowired(required=true)}
	at org.springframework.beans.factory.support.DefaultListableBeanFactory.raiseNoMatchingBeanFound(DefaultListableBeanFactory.java:2304)
	at org.springframework.beans.factory.support.DefaultListableBeanFactory.doResolveDependency(DefaultListableBeanFactory.java:1732)
	at org.springframework.beans.factory.support.DefaultListableBeanFactory.resolveDependency(DefaultListableBeanFactory.java:1658)
	at org.springframework.beans.factory.annotation.AutowiredAnnotationBeanPostProcessor$AutowiredFieldElement.resolveFieldValue(AutowiredAnnotationBeanPostProcessor.java:764)
	... 98 common frames omitted
2026-08-14 15:19:26.027 [SpringApplicationShutdownHook] INFO  o.s.boot.tomcat.GracefulShutdown [] [] - Commencing graceful shutdown. Waiting for active requests to complete
2026-08-14 15:19:26.036 [tomcat-shutdown] INFO  o.s.boot.tomcat.GracefulShutdown [] [] - Graceful shutdown complete
2026-08-14 15:20:11.128 [Test worker] INFO  o.s.boot.SpringApplication [] [] - 
  .   ____          _            __ _ _
 /\\ / ___'_ __ _ _(_)_ __  __ _ \ \ \ \
( ( )\___ | '_ | '_| | '_ \/ _` | \ \ \ \
 \\/  ___)| |_)| | | | | || (_| |  ) ) ) )
  '  |____| .__|_| |_|_| |_\__, | / / / /
 =========|_|==============|___/=/_/_/_/

 :: Spring Boot ::                (v4.1.0)


2026-08-14 15:20:11.159 [Test worker] INFO  c.f.e.user.UserControllerTest [] [] - Starting UserControllerTest using Java 21.0.12 with PID 8095 (started by hkandie in /Users/hkandie/bench/readv/backend)
2026-08-14 15:20:11.159 [Test worker] DEBUG c.f.e.user.UserControllerTest [] [] - Running with Spring Boot v4.1.0, Spring v7.0.8
2026-08-14 15:20:11.160 [Test worker] INFO  c.f.e.user.UserControllerTest [] [] - The following 1 profile is active: "local"
2026-08-14 15:20:11.615 [Test worker] INFO  o.s.boot.tomcat.TomcatWebServer [] [] - Tomcat initialized with port 0 (http)
2026-08-14 15:20:11.624 [Test worker] INFO  o.a.coyote.http11.Http11NioProtocol [] [] - Initializing ProtocolHandler ["http-nio-auto-1"]
2026-08-14 15:20:11.626 [Test worker] INFO  o.a.catalina.core.StandardService [] [] - Starting service [Tomcat]
2026-08-14 15:20:11.626 [Test worker] INFO  o.a.catalina.core.StandardEngine [] [] - Starting Servlet engine: [Apache Tomcat/11.0.22]
2026-08-14 15:20:11.657 [Test worker] INFO  o.s.b.w.c.s.WebApplicationContextInitializer [] [] - Root WebApplicationContext: initialization completed in 486 ms
2026-08-14 15:20:11.858 [Test worker] WARN  o.s.b.s.a.UserDetailsServiceAutoConfiguration [] [] - 

Using generated security password: cf8bce08-5ba7-448f-960f-652c7039635a

This generated password is for development use only. Your security configuration must be updated before running your application in production.

2026-08-14 15:20:11.884 [Test worker] INFO  o.s.s.c.a.a.c.InitializeUserDetailsBeanManagerConfigurer$InitializeUserDetailsManagerConfigurer [] [] - Global AuthenticationManager configured with UserDetailsService bean with name inMemoryUserDetailsManager
2026-08-14 15:20:11.950 [Test worker] DEBUG o.s.s.web.DefaultSecurityFilterChain [] [] - Will secure any request with filters: DisableEncodeUrlFilter, WebAsyncManagerIntegrationFilter, SecurityContextHolderFilter, HeaderWriterFilter, CsrfFilter, LogoutFilter, UsernamePasswordAuthenticationFilter, DefaultResourcesFilter, DefaultLoginPageGeneratingFilter, DefaultLogoutPageGeneratingFilter, BasicAuthenticationFilter, RequestCacheAwareFilter, SecurityContextHolderAwareRequestFilter, AnonymousAuthenticationFilter, ExceptionTranslationFilter, AuthorizationFilter
2026-08-14 15:20:11.975 [Test worker] INFO  o.a.coyote.http11.Http11NioProtocol [] [] - Starting ProtocolHandler ["http-nio-auto-1"]
2026-08-14 15:20:11.985 [Test worker] INFO  o.s.boot.tomcat.TomcatWebServer [] [] - Tomcat started on port 65278 (http) with context path '/readvantage'
2026-08-14 15:20:11.989 [Test worker] INFO  c.f.e.user.UserControllerTest [] [] - Started UserControllerTest in 1.07 seconds (process running for 1.967)
2026-08-14 15:20:11.993 [Test worker] WARN  o.s.test.context.TestContextManager [] [] - Caught exception while allowing TestExecutionListener [org.springframework.test.context.support.DependencyInjectionTestExecutionListener] to prepare test instance [com.fhlbdm.eadvantage.user.UserControllerTest@590dea35]
org.springframework.beans.factory.UnsatisfiedDependencyException: Error creating bean with name 'com.fhlbdm.eadvantage.user.UserControllerTest': Unsatisfied dependency expressed through field 'webTestClient': No qualifying bean of type 'org.springframework.test.web.reactive.server.WebTestClient' available: expected at least 1 bean which qualifies as autowire candidate. Dependency annotations: {@org.springframework.beans.factory.annotation.Autowired(required=true)}
	at org.springframework.beans.factory.annotation.AutowiredAnnotationBeanPostProcessor$AutowiredFieldElement.resolveFieldValue(AutowiredAnnotationBeanPostProcessor.java:767)
	at org.springframework.beans.factory.annotation.AutowiredAnnotationBeanPostProcessor$AutowiredFieldElement.inject(AutowiredAnnotationBeanPostProcessor.java:748)
	at org.springframework.beans.factory.annotation.InjectionMetadata.inject(InjectionMetadata.java:146)
	at org.springframework.beans.factory.annotation.AutowiredAnnotationBeanPostProcessor.postProcessProperties(AutowiredAnnotationBeanPostProcessor.java:493)
	at org.springframework.beans.factory.support.AbstractAutowireCapableBeanFactory.populateBean(AbstractAutowireCapableBeanFactory.java:1444)
	at org.springframework.beans.factory.support.AbstractAutowireCapableBeanFactory.autowireBeanProperties(AbstractAutowireCapableBeanFactory.java:402)
	at org.springframework.test.context.support.DependencyInjectionTestExecutionListener.injectDependencies(DependencyInjectionTestExecutionListener.java:157)
	at org.springframework.test.context.support.DependencyInjectionTestExecutionListener.prepareTestInstance(DependencyInjectionTestExecutionListener.java:111)
	at org.springframework.test.context.TestContextManager.prepareTestInstance(TestContextManager.java:260)
	at org.springframework.test.context.junit.jupiter.SpringExtension.postProcessTestInstance(SpringExtension.java:242)
	at org.junit.jupiter.engine.descriptor.ClassBasedTestDescriptor.lambda$invokeTestInstancePostProcessors$1(ClassBasedTestDescriptor.java:423)
	at org.junit.jupiter.engine.descriptor.ClassBasedTestDescriptor.executeAndMaskThrowable(ClassBasedTestDescriptor.java:428)
	at org.junit.jupiter.engine.descriptor.ClassBasedTestDescriptor.lambda$invokeTestInstancePostProcessors$0(ClassBasedTestDescriptor.java:422)
	at java.base/java.util.stream.ForEachOps$ForEachOp$OfRef.accept(ForEachOps.java:184)
	at java.base/java.util.stream.ReferencePipeline$3$1.accept(ReferencePipeline.java:197)
	at java.base/java.util.stream.ReferencePipeline$2$1.accept(ReferencePipeline.java:179)
	at java.base/java.util.stream.ReferencePipeline$3$1.accept(ReferencePipeline.java:197)
	at java.base/java.util.ArrayList$ArrayListSpliterator.forEachRemaining(ArrayList.java:1708)
	at java.base/java.util.stream.AbstractPipeline.copyInto(AbstractPipeline.java:509)
	at java.base/java.util.stream.AbstractPipeline.wrapAndCopyInto(AbstractPipeline.java:499)
	at java.base/java.util.stream.ForEachOps$ForEachOp.evaluateSequential(ForEachOps.java:151)
	at java.base/java.util.stream.ForEachOps$ForEachOp$OfRef.evaluateSequential(ForEachOps.java:174)
	at java.base/java.util.stream.AbstractPipeline.evaluate(AbstractPipeline.java:234)
	at java.base/java.util.stream.ReferencePipeline.forEach(ReferencePipeline.java:596)
	at org.junit.jupiter.engine.descriptor.ClassBasedTestDescriptor.invokeTestInstancePostProcessors(ClassBasedTestDescriptor.java:422)
	at org.junit.jupiter.engine.descriptor.ClassBasedTestDescriptor.lambda$instantiateAndPostProcessTestInstance$0(ClassBasedTestDescriptor.java:334)
	at org.junit.platform.engine.support.hierarchical.ThrowableCollector.execute(ThrowableCollector.java:74)
	at org.junit.jupiter.engine.descriptor.ClassBasedTestDescriptor.instantiateAndPostProcessTestInstance(ClassBasedTestDescriptor.java:333)
	at org.junit.jupiter.engine.descriptor.ClassBasedTestDescriptor.lambda$testInstancesProvider$1(ClassBasedTestDescriptor.java:322)
	at java.base/java.util.Optional.orElseGet(Optional.java:364)
	at org.junit.jupiter.engine.descriptor.ClassBasedTestDescriptor.lambda$testInstancesProvider$0(ClassBasedTestDescriptor.java:321)
	at org.junit.jupiter.engine.execution.TestInstancesProvider.getTestInstances(TestInstancesProvider.java:27)
	at org.junit.jupiter.engine.descriptor.TestMethodTestDescriptor.lambda$prepare$0(TestMethodTestDescriptor.java:127)
	at org.junit.platform.engine.support.hierarchical.ThrowableCollector.execute(ThrowableCollector.java:74)
	at org.junit.jupiter.engine.descriptor.TestMethodTestDescriptor.prepare(TestMethodTestDescriptor.java:126)
	at org.junit.jupiter.engine.descriptor.TestMethodTestDescriptor.prepare(TestMethodTestDescriptor.java:70)
	at org.junit.platform.engine.support.hierarchical.NodeTestTask.lambda$prepare$0(NodeTestTask.java:144)
	at org.junit.platform.engine.support.hierarchical.ThrowableCollector.execute(ThrowableCollector.java:74)
	at org.junit.platform.engine.support.hierarchical.NodeTestTask.prepare(NodeTestTask.java:144)
	at org.junit.platform.engine.support.hierarchical.NodeTestTask.execute(NodeTestTask.java:110)
	at java.base/java.util.ArrayList.forEach(ArrayList.java:1596)
	at org.junit.platform.engine.support.hierarchical.SameThreadHierarchicalTestExecutorService.invokeAll(SameThreadHierarchicalTestExecutorService.java:42)
	at org.junit.platform.engine.support.hierarchical.NodeTestTask.lambda$executeRecursively$2(NodeTestTask.java:180)
	at org.junit.platform.engine.support.hierarchical.ThrowableCollector.execute(ThrowableCollector.java:74)
	at org.junit.platform.engine.support.hierarchical.NodeTestTask.lambda$executeRecursively$1(NodeTestTask.java:166)
	at org.junit.platform.engine.support.hierarchical.Node.around(Node.java:138)
	at org.junit.platform.engine.support.hierarchical.NodeTestTask.lambda$executeRecursively$0(NodeTestTask.java:164)
	at org.junit.platform.engine.support.hierarchical.ThrowableCollector.execute(ThrowableCollector.java:74)
	at org.junit.platform.engine.support.hierarchical.NodeTestTask.executeRecursively(NodeTestTask.java:163)
	at org.junit.platform.engine.support.hierarchical.NodeTestTask.execute(NodeTestTask.java:116)
	at java.base/java.util.ArrayList.forEach(ArrayList.java:1596)
	at org.junit.platform.engine.support.hierarchical.SameThreadHierarchicalTestExecutorService.invokeAll(SameThreadHierarchicalTestExecutorService.java:42)
	at org.junit.platform.engine.support.hierarchical.NodeTestTask.lambda$executeRecursively$2(NodeTestTask.java:180)
	at org.junit.platform.engine.support.hierarchical.ThrowableCollector.execute(ThrowableCollector.java:74)
	at org.junit.platform.engine.support.hierarchical.NodeTestTask.lambda$executeRecursively$1(NodeTestTask.java:166)
	at org.junit.platform.engine.support.hierarchical.Node.around(Node.java:138)
	at org.junit.platform.engine.support.hierarchical.NodeTestTask.lambda$executeRecursively$0(NodeTestTask.java:164)
	at org.junit.platform.engine.support.hierarchical.ThrowableCollector.execute(ThrowableCollector.java:74)
	at org.junit.platform.engine.support.hierarchical.NodeTestTask.executeRecursively(NodeTestTask.java:163)
	at org.junit.platform.engine.support.hierarchical.NodeTestTask.execute(NodeTestTask.java:116)
	at org.junit.platform.engine.support.hierarchical.SameThreadHierarchicalTestExecutorService.submit(SameThreadHierarchicalTestExecutorService.java:36)
	at org.junit.platform.engine.support.hierarchical.HierarchicalTestExecutor.execute(HierarchicalTestExecutor.java:52)
	at org.junit.platform.engine.support.hierarchical.HierarchicalTestEngine.execute(HierarchicalTestEngine.java:58)
	at org.junit.platform.launcher.core.EngineExecutionOrchestrator.executeEngine(EngineExecutionOrchestrator.java:246)
	at org.junit.platform.launcher.core.EngineExecutionOrchestrator.failOrExecuteEngine(EngineExecutionOrchestrator.java:218)
	at org.junit.platform.launcher.core.EngineExecutionOrchestrator.execute(EngineExecutionOrchestrator.java:179)
	at org.junit.platform.launcher.core.EngineExecutionOrchestrator.execute(EngineExecutionOrchestrator.java:108)
	at org.junit.platform.launcher.core.EngineExecutionOrchestrator.lambda$execute$0(EngineExecutionOrchestrator.java:66)
	at org.junit.platform.launcher.core.EngineExecutionOrchestrator.withInterceptedStreams(EngineExecutionOrchestrator.java:157)
	at org.junit.platform.launcher.core.EngineExecutionOrchestrator.execute(EngineExecutionOrchestrator.java:65)
	at org.junit.platform.launcher.core.DefaultLauncher.execute(DefaultLauncher.java:125)
	at org.junit.platform.launcher.core.DefaultLauncher.execute(DefaultLauncher.java:114)
	at org.junit.platform.launcher.core.DefaultLauncher.execute(DefaultLauncher.java:93)
	at org.junit.platform.launcher.core.DelegatingLauncher.execute(DelegatingLauncher.java:48)
	at org.junit.platform.launcher.core.InterceptingLauncher.lambda$execute$0(InterceptingLauncher.java:41)
	at org.junit.platform.launcher.core.ClasspathAlignmentCheckingLauncherInterceptor.intercept(ClasspathAlignmentCheckingLauncherInterceptor.java:25)
	at org.junit.platform.launcher.core.InterceptingLauncher.execute(InterceptingLauncher.java:40)
	at org.junit.platform.launcher.core.DelegatingLauncher.execute(DelegatingLauncher.java:48)
	at org.gradle.api.internal.tasks.testing.junitplatform.JUnitPlatformTestDefinitionProcessor$CollectThenExecuteTestDefinitionConsumer.processAllTestDefinitions(JUnitPlatformTestDefinitionProcessor.java:179)
	at org.gradle.api.internal.tasks.testing.junitplatform.JUnitPlatformTestDefinitionProcessor$CollectThenExecuteTestDefinitionConsumer.access$000(JUnitPlatformTestDefinitionProcessor.java:122)
	at org.gradle.api.internal.tasks.testing.junitplatform.JUnitPlatformTestDefinitionProcessor.stop(JUnitPlatformTestDefinitionProcessor.java:116)
	at org.gradle.api.internal.tasks.testing.SuiteTestDefinitionProcessor.stop(SuiteTestDefinitionProcessor.java:63)
	at java.base/jdk.internal.reflect.DirectMethodHandleAccessor.invoke(DirectMethodHandleAccessor.java:103)
	at java.base/java.lang.reflect.Method.invoke(Method.java:580)
	at org.gradle.internal.dispatch.MethodInvocation.invokeOn(MethodInvocation.java:77)
	at org.gradle.internal.dispatch.ReflectionDispatch.dispatch(ReflectionDispatch.java:28)
	at org.gradle.internal.dispatch.ReflectionDispatch.dispatch(ReflectionDispatch.java:19)
	at org.gradle.internal.dispatch.ContextClassLoaderDispatch.dispatch(ContextClassLoaderDispatch.java:33)
	at org.gradle.internal.dispatch.ProxyDispatchAdapter$DispatchingInvocationHandler.invoke(ProxyDispatchAdapter.java:88)
	at jdk.proxy1/jdk.proxy1.$Proxy4.stop(Unknown Source)
	at org.gradle.api.internal.tasks.testing.worker.TestWorker$3.run(TestWorker.java:195)
	at org.gradle.api.internal.tasks.testing.worker.TestWorker.executeAndMaintainThreadName(TestWorker.java:126)
	at org.gradle.api.internal.tasks.testing.worker.TestWorker.execute(TestWorker.java:103)
	at org.gradle.api.internal.tasks.testing.worker.TestWorker.execute(TestWorker.java:63)
	at org.gradle.process.internal.worker.child.ActionExecutionWorker.execute(ActionExecutionWorker.java:56)
	at org.gradle.process.internal.worker.child.SystemApplicationClassLoaderWorker.call(SystemApplicationClassLoaderWorker.java:122)
	at org.gradle.process.internal.worker.child.SystemApplicationClassLoaderWorker.call(SystemApplicationClassLoaderWorker.java:72)
	at worker.org.gradle.process.internal.worker.GradleWorkerMain.run(GradleWorkerMain.java:69)
	at worker.org.gradle.process.internal.worker.GradleWorkerMain.main(GradleWorkerMain.java:74)
Caused by: org.springframework.beans.factory.NoSuchBeanDefinitionException: No qualifying bean of type 'org.springframework.test.web.reactive.server.WebTestClient' available: expected at least 1 bean which qualifies as autowire candidate. Dependency annotations: {@org.springframework.beans.factory.annotation.Autowired(required=true)}
	at org.springframework.beans.factory.support.DefaultListableBeanFactory.raiseNoMatchingBeanFound(DefaultListableBeanFactory.java:2304)
	at org.springframework.beans.factory.support.DefaultListableBeanFactory.doResolveDependency(DefaultListableBeanFactory.java:1732)
	at org.springframework.beans.factory.support.DefaultListableBeanFactory.resolveDependency(DefaultListableBeanFactory.java:1658)
	at org.springframework.beans.factory.annotation.AutowiredAnnotationBeanPostProcessor$AutowiredFieldElement.resolveFieldValue(AutowiredAnnotationBeanPostProcessor.java:764)
	... 98 common frames omitted
2026-08-14 15:20:12.004 [Test worker] INFO  o.s.t.c.s.AnnotationConfigContextLoaderUtils [] [] - Could not detect default configuration classes for test class [com.fhlbdm.eadvantage.ApplicationTests]: ApplicationTests does not declare any static, non-private, non-final, nested classes annotated with @Configuration.
2026-08-14 15:20:12.008 [Test worker] INFO  o.s.b.t.c.SpringBootTestContextBootstrapper [] [] - Found @SpringBootConfiguration com.fhlbdm.eadvantage.Application for test class com.fhlbdm.eadvantage.ApplicationTests
2026-08-14 15:20:12.009 [Test worker] INFO  o.s.t.c.s.AnnotationConfigContextLoaderUtils [] [] - Could not detect default configuration classes for test class [com.fhlbdm.eadvantage.ApplicationTests]: ApplicationTests does not declare any static, non-private, non-final, nested classes annotated with @Configuration.
2026-08-14 15:20:12.009 [Test worker] INFO  o.s.b.t.c.SpringBootTestContextBootstrapper [] [] - Found @SpringBootConfiguration com.fhlbdm.eadvantage.Application for test class com.fhlbdm.eadvantage.ApplicationTests
2026-08-14 15:20:12.039 [Test worker] INFO  o.s.boot.SpringApplication [] [] - 
  .   ____          _            __ _ _
 /\\ / ___'_ __ _ _(_)_ __  __ _ \ \ \ \
( ( )\___ | '_ | '_| | '_ \/ _` | \ \ \ \
 \\/  ___)| |_)| | | | | || (_| |  ) ) ) )
  '  |____| .__|_| |_|_| |_\__, | / / / /
 =========|_|==============|___/=/_/_/_/

 :: Spring Boot ::                (v4.1.0)


2026-08-14 15:20:12.040 [Test worker] INFO  c.fhlbdm.eadvantage.ApplicationTests [] [] - Starting ApplicationTests using Java 21.0.12 with PID 8095 (started by hkandie in /Users/hkandie/bench/readv/backend)
2026-08-14 15:20:12.040 [Test worker] DEBUG c.fhlbdm.eadvantage.ApplicationTests [] [] - Running with Spring Boot v4.1.0, Spring v7.0.8
2026-08-14 15:20:12.040 [Test worker] INFO  c.fhlbdm.eadvantage.ApplicationTests [] [] - The following 1 profile is active: "local"
2026-08-14 15:20:12.151 [Test worker] WARN  o.s.b.s.a.UserDetailsServiceAutoConfiguration [] [] - 

Using generated security password: 0bd884d3-c4e7-4b13-9d37-65a471aa8755

This generated password is for development use only. Your security configuration must be updated before running your application in production.

2026-08-14 15:20:12.158 [Test worker] INFO  o.s.s.c.a.a.c.InitializeUserDetailsBeanManagerConfigurer$InitializeUserDetailsManagerConfigurer [] [] - Global AuthenticationManager configured with UserDetailsService bean with name inMemoryUserDetailsManager
2026-08-14 15:20:12.180 [Test worker] DEBUG o.s.s.web.DefaultSecurityFilterChain [] [] - Will secure any request with filters: DisableEncodeUrlFilter, WebAsyncManagerIntegrationFilter, SecurityContextHolderFilter, HeaderWriterFilter, CsrfFilter, LogoutFilter, UsernamePasswordAuthenticationFilter, DefaultResourcesFilter, DefaultLoginPageGeneratingFilter, DefaultLogoutPageGeneratingFilter, BasicAuthenticationFilter, RequestCacheAwareFilter, SecurityContextHolderAwareRequestFilter, AnonymousAuthenticationFilter, ExceptionTranslationFilter, AuthorizationFilter
2026-08-14 15:20:12.196 [Test worker] INFO  c.fhlbdm.eadvantage.ApplicationTests [] [] - Started ApplicationTests in 0.182 seconds (process running for 2.174)
2026-08-14 15:20:12.701 [SpringApplicationShutdownHook] INFO  o.s.boot.tomcat.GracefulShutdown [] [] - Commencing graceful shutdown. Waiting for active requests to complete
2026-08-14 15:20:12.710 [tomcat-shutdown] INFO  o.s.boot.tomcat.GracefulShutdown [] [] - Graceful shutdown complete
2026-08-14 15:30:53.291 [Test worker] INFO  o.s.boot.SpringApplication [] [] - 
  .   ____          _            __ _ _
 /\\ / ___'_ __ _ _(_)_ __  __ _ \ \ \ \
( ( )\___ | '_ | '_| | '_ \/ _` | \ \ \ \
 \\/  ___)| |_)| | | | | || (_| |  ) ) ) )
  '  |____| .__|_| |_|_| |_\__, | / / / /
 =========|_|==============|___/=/_/_/_/

 :: Spring Boot ::                (v4.1.0)


2026-08-14 15:30:53.319 [Test worker] INFO  c.f.e.user.UserControllerTest [] [] - Starting UserControllerTest using Java 21.0.12 with PID 22107 (started by hkandie in /Users/hkandie/bench/readv/backend)
2026-08-14 15:30:53.319 [Test worker] DEBUG c.f.e.user.UserControllerTest [] [] - Running with Spring Boot v4.1.0, Spring v7.0.8
2026-08-14 15:30:53.320 [Test worker] INFO  c.f.e.user.UserControllerTest [] [] - The following 1 profile is active: "local"
2026-08-14 15:30:53.739 [Test worker] INFO  o.s.boot.tomcat.TomcatWebServer [] [] - Tomcat initialized with port 0 (http)
2026-08-14 15:30:53.747 [Test worker] INFO  o.a.coyote.http11.Http11NioProtocol [] [] - Initializing ProtocolHandler ["http-nio-auto-1"]
2026-08-14 15:30:53.748 [Test worker] INFO  o.a.catalina.core.StandardService [] [] - Starting service [Tomcat]
2026-08-14 15:30:53.748 [Test worker] INFO  o.a.catalina.core.StandardEngine [] [] - Starting Servlet engine: [Apache Tomcat/11.0.22]
2026-08-14 15:30:53.775 [Test worker] INFO  o.s.b.w.c.s.WebApplicationContextInitializer [] [] - Root WebApplicationContext: initialization completed in 446 ms
2026-08-14 15:30:54.022 [Test worker] WARN  o.s.b.s.a.UserDetailsServiceAutoConfiguration [] [] - 

Using generated security password: 81654b72-200e-4cbb-9aad-475b6b849ef3

This generated password is for development use only. Your security configuration must be updated before running your application in production.

2026-08-14 15:30:54.043 [Test worker] INFO  o.s.s.c.a.a.c.InitializeUserDetailsBeanManagerConfigurer$InitializeUserDetailsManagerConfigurer [] [] - Global AuthenticationManager configured with UserDetailsService bean with name inMemoryUserDetailsManager
2026-08-14 15:30:54.100 [Test worker] DEBUG o.s.s.web.DefaultSecurityFilterChain [] [] - Will secure any request with filters: DisableEncodeUrlFilter, WebAsyncManagerIntegrationFilter, SecurityContextHolderFilter, HeaderWriterFilter, CsrfFilter, LogoutFilter, UsernamePasswordAuthenticationFilter, DefaultResourcesFilter, DefaultLoginPageGeneratingFilter, DefaultLogoutPageGeneratingFilter, BasicAuthenticationFilter, RequestCacheAwareFilter, SecurityContextHolderAwareRequestFilter, AnonymousAuthenticationFilter, ExceptionTranslationFilter, AuthorizationFilter
2026-08-14 15:30:54.117 [Test worker] INFO  o.a.coyote.http11.Http11NioProtocol [] [] - Starting ProtocolHandler ["http-nio-auto-1"]
2026-08-14 15:30:54.124 [Test worker] INFO  o.s.boot.tomcat.TomcatWebServer [] [] - Tomcat started on port 50120 (http) with context path '/readvantage'
2026-08-14 15:30:54.128 [Test worker] INFO  c.f.e.user.UserControllerTest [] [] - Started UserControllerTest in 1.016 seconds (process running for 1.667)
2026-08-14 15:30:54.564 [http-nio-auto-1-exec-1] INFO  o.a.c.c.C.[.[.[/readvantage] [] [] - Initializing Spring DispatcherServlet 'dispatcherServlet'
2026-08-14 15:30:54.565 [http-nio-auto-1-exec-1] INFO  o.s.web.servlet.DispatcherServlet [] [] - Initializing Servlet 'dispatcherServlet'
2026-08-14 15:30:54.565 [http-nio-auto-1-exec-1] INFO  o.s.web.servlet.DispatcherServlet [] [] - Completed initialization in 0 ms
2026-08-14 15:30:54.572 [http-nio-auto-1-exec-1] DEBUG o.s.security.web.FilterChainProxy [] [] - Securing GET /api/user/me
2026-08-14 15:30:54.577 [http-nio-auto-1-exec-1] DEBUG o.s.s.w.a.AnonymousAuthenticationFilter [] [] - Set SecurityContextHolder to anonymous SecurityContext
2026-08-14 15:30:54.589 [http-nio-auto-1-exec-1] DEBUG o.s.s.w.s.HttpSessionRequestCache [] [] - Saved request http://localhost:50120/readvantage/api/user/me?continue to session
2026-08-14 15:30:54.591 [http-nio-auto-1-exec-1] DEBUG o.s.s.w.a.DelegatingAuthenticationEntryPoint [] [] - Trying to match using And [Not [RequestHeaderRequestMatcher [expectedHeaderName=X-Requested-With, expectedHeaderValue=XMLHttpRequest]], MediaTypeRequestMatcher [contentNegotiationStrategy=org.springframework.web.accept.ContentNegotiationManager@66a99584, matchingMediaTypes=[application/xhtml+xml, image/*, text/html, text/plain], useEquals=false, ignoredMediaTypes=[*/*]]]
2026-08-14 15:30:54.591 [http-nio-auto-1-exec-1] DEBUG o.s.s.w.a.DelegatingAuthenticationEntryPoint [] [] - Trying to match using Or [RequestHeaderRequestMatcher [expectedHeaderName=X-Requested-With, expectedHeaderValue=XMLHttpRequest], And [Not [MediaTypeRequestMatcher [contentNegotiationStrategy=org.springframework.web.accept.ContentNegotiationManager@66a99584, matchingMediaTypes=[text/html], useEquals=false, ignoredMediaTypes=[]]], MediaTypeRequestMatcher [contentNegotiationStrategy=org.springframework.web.accept.ContentNegotiationManager@66a99584, matchingMediaTypes=[application/atom+xml, application/x-www-form-urlencoded, application/json, application/octet-stream, application/xml, multipart/form-data, text/xml], useEquals=false, ignoredMediaTypes=[*/*]]], MediaTypeRequestMatcher [contentNegotiationStrategy=org.springframework.web.accept.ContentNegotiationManager@66a99584, matchingMediaTypes=[*/*], useEquals=true, ignoredMediaTypes=[]]]
2026-08-14 15:30:54.592 [http-nio-auto-1-exec-1] DEBUG o.s.s.w.a.DelegatingAuthenticationEntryPoint [] [] - Match found! Executing org.springframework.security.web.authentication.DelegatingAuthenticationEntryPoint@bb6869a
2026-08-14 15:30:54.592 [http-nio-auto-1-exec-1] DEBUG o.s.s.w.a.DelegatingAuthenticationEntryPoint [] [] - Trying to match using RequestHeaderRequestMatcher [expectedHeaderName=X-Requested-With, expectedHeaderValue=XMLHttpRequest]
2026-08-14 15:30:54.592 [http-nio-auto-1-exec-1] DEBUG o.s.s.w.a.DelegatingAuthenticationEntryPoint [] [] - No match found. Using default entry point org.springframework.security.web.authentication.www.BasicAuthenticationEntryPoint@281aa294
2026-08-14 15:30:54.594 [http-nio-auto-1-exec-1] DEBUG o.s.security.web.FilterChainProxy [] [] - Securing GET /error
2026-08-14 15:30:54.594 [http-nio-auto-1-exec-1] DEBUG o.s.s.w.a.AnonymousAuthenticationFilter [] [] - Set SecurityContextHolder to anonymous SecurityContext
2026-08-14 15:30:54.595 [http-nio-auto-1-exec-1] DEBUG o.s.s.w.s.HttpSessionRequestCache [] [] - Saved request http://localhost:50120/readvantage/error?continue to session
2026-08-14 15:30:54.595 [http-nio-auto-1-exec-1] DEBUG o.s.s.w.a.DelegatingAuthenticationEntryPoint [] [] - Trying to match using And [Not [RequestHeaderRequestMatcher [expectedHeaderName=X-Requested-With, expectedHeaderValue=XMLHttpRequest]], MediaTypeRequestMatcher [contentNegotiationStrategy=org.springframework.web.accept.ContentNegotiationManager@66a99584, matchingMediaTypes=[application/xhtml+xml, image/*, text/html, text/plain], useEquals=false, ignoredMediaTypes=[*/*]]]
2026-08-14 15:30:54.595 [http-nio-auto-1-exec-1] DEBUG o.s.s.w.a.DelegatingAuthenticationEntryPoint [] [] - Trying to match using Or [RequestHeaderRequestMatcher [expectedHeaderName=X-Requested-With, expectedHeaderValue=XMLHttpRequest], And [Not [MediaTypeRequestMatcher [contentNegotiationStrategy=org.springframework.web.accept.ContentNegotiationManager@66a99584, matchingMediaTypes=[text/html], useEquals=false, ignoredMediaTypes=[]]], MediaTypeRequestMatcher [contentNegotiationStrategy=org.springframework.web.accept.ContentNegotiationManager@66a99584, matchingMediaTypes=[application/atom+xml, application/x-www-form-urlencoded, application/json, application/octet-stream, application/xml, multipart/form-data, text/xml], useEquals=false, ignoredMediaTypes=[*/*]]], MediaTypeRequestMatcher [contentNegotiationStrategy=org.springframework.web.accept.ContentNegotiationManager@66a99584, matchingMediaTypes=[*/*], useEquals=true, ignoredMediaTypes=[]]]
2026-08-14 15:30:54.595 [http-nio-auto-1-exec-1] DEBUG o.s.s.w.a.DelegatingAuthenticationEntryPoint [] [] - Match found! Executing org.springframework.security.web.authentication.DelegatingAuthenticationEntryPoint@bb6869a
2026-08-14 15:30:54.595 [http-nio-auto-1-exec-1] DEBUG o.s.s.w.a.DelegatingAuthenticationEntryPoint [] [] - Trying to match using RequestHeaderRequestMatcher [expectedHeaderName=X-Requested-With, expectedHeaderValue=XMLHttpRequest]
2026-08-14 15:30:54.595 [http-nio-auto-1-exec-1] DEBUG o.s.s.w.a.DelegatingAuthenticationEntryPoint [] [] - No match found. Using default entry point org.springframework.security.web.authentication.www.BasicAuthenticationEntryPoint@281aa294
2026-08-14 15:30:54.605 [Test worker] ERROR o.s.t.w.s.client.ExchangeResult [] [] - Request details for assertion failure:

> GET http://localhost:50120/readvantage/api/user/me
> RestTestClient-Request-Id: [1]
> Content-Length: [0]

0 bytes of content (unknown content-type).

< 401 UNAUTHORIZED Unauthorized
< cache-control: [no-cache, no-store, max-age=0, must-revalidate]
< content-length: [0]
< date: [Fri, 14 Aug 2026 20:30:54 GMT]
< expires: [0]
< pragma: [no-cache]
< set-cookie: [JSESSIONID=DC9372417BFF6C6A2F25668D4CE65227; Path=/readvantage; HttpOnly]
< www-authenticate: [Basic realm="Realm", charset="UTF-8"]
< x-content-type-options: [nosniff]
< x-frame-options: [DENY]
< x-xss-protection: [0]

0 bytes of content (unknown content-type).

2026-08-14 15:30:54.616 [Test worker] INFO  o.s.t.c.s.AnnotationConfigContextLoaderUtils [] [] - Could not detect default configuration classes for test class [com.fhlbdm.eadvantage.ApplicationTests]: ApplicationTests does not declare any static, non-private, non-final, nested classes annotated with @Configuration.
2026-08-14 15:30:54.619 [Test worker] INFO  o.s.b.t.c.SpringBootTestContextBootstrapper [] [] - Found @SpringBootConfiguration com.fhlbdm.eadvantage.Application for test class com.fhlbdm.eadvantage.ApplicationTests
2026-08-14 15:30:54.620 [Test worker] INFO  o.s.t.c.s.AnnotationConfigContextLoaderUtils [] [] - Could not detect default configuration classes for test class [com.fhlbdm.eadvantage.ApplicationTests]: ApplicationTests does not declare any static, non-private, non-final, nested classes annotated with @Configuration.
2026-08-14 15:30:54.621 [Test worker] INFO  o.s.b.t.c.SpringBootTestContextBootstrapper [] [] - Found @SpringBootConfiguration com.fhlbdm.eadvantage.Application for test class com.fhlbdm.eadvantage.ApplicationTests
2026-08-14 15:30:54.646 [Test worker] INFO  o.s.boot.SpringApplication [] [] - 
  .   ____          _            __ _ _
 /\\ / ___'_ __ _ _(_)_ __  __ _ \ \ \ \
( ( )\___ | '_ | '_| | '_ \/ _` | \ \ \ \
 \\/  ___)| |_)| | | | | || (_| |  ) ) ) )
  '  |____| .__|_| |_|_| |_\__, | / / / /
 =========|_|==============|___/=/_/_/_/

 :: Spring Boot ::                (v4.1.0)


2026-08-14 15:30:54.647 [Test worker] INFO  c.fhlbdm.eadvantage.ApplicationTests [] [] - Starting ApplicationTests using Java 21.0.12 with PID 22107 (started by hkandie in /Users/hkandie/bench/readv/backend)
2026-08-14 15:30:54.647 [Test worker] DEBUG c.fhlbdm.eadvantage.ApplicationTests [] [] - Running with Spring Boot v4.1.0, Spring v7.0.8
2026-08-14 15:30:54.647 [Test worker] INFO  c.fhlbdm.eadvantage.ApplicationTests [] [] - The following 1 profile is active: "local"
2026-08-14 15:30:54.779 [Test worker] WARN  o.s.b.s.a.UserDetailsServiceAutoConfiguration [] [] - 

Using generated security password: 7d147dc2-92f4-42a2-9bb8-78825f698e45

This generated password is for development use only. Your security configuration must be updated before running your application in production.

2026-08-14 15:30:54.784 [Test worker] INFO  o.s.s.c.a.a.c.InitializeUserDetailsBeanManagerConfigurer$InitializeUserDetailsManagerConfigurer [] [] - Global AuthenticationManager configured with UserDetailsService bean with name inMemoryUserDetailsManager
2026-08-14 15:30:54.793 [Test worker] DEBUG o.s.s.web.DefaultSecurityFilterChain [] [] - Will secure any request with filters: DisableEncodeUrlFilter, WebAsyncManagerIntegrationFilter, SecurityContextHolderFilter, HeaderWriterFilter, CsrfFilter, LogoutFilter, UsernamePasswordAuthenticationFilter, DefaultResourcesFilter, DefaultLoginPageGeneratingFilter, DefaultLogoutPageGeneratingFilter, BasicAuthenticationFilter, RequestCacheAwareFilter, SecurityContextHolderAwareRequestFilter, AnonymousAuthenticationFilter, ExceptionTranslationFilter, AuthorizationFilter
2026-08-14 15:30:54.803 [Test worker] INFO  c.fhlbdm.eadvantage.ApplicationTests [] [] - Started ApplicationTests in 0.177 seconds (process running for 2.343)
2026-08-14 15:30:54.815 [SpringApplicationShutdownHook] INFO  o.s.boot.tomcat.GracefulShutdown [] [] - Commencing graceful shutdown. Waiting for active requests to complete
2026-08-14 15:30:54.818 [tomcat-shutdown] INFO  o.s.boot.tomcat.GracefulShutdown [] [] - Graceful shutdown complete
2026-08-14 15:31:25.681 [Test worker] INFO  o.s.boot.SpringApplication [] [] - 
  .   ____          _            __ _ _
 /\\ / ___'_ __ _ _(_)_ __  __ _ \ \ \ \
( ( )\___ | '_ | '_| | '_ \/ _` | \ \ \ \
 \\/  ___)| |_)| | | | | || (_| |  ) ) ) )
  '  |____| .__|_| |_|_| |_\__, | / / / /
 =========|_|==============|___/=/_/_/_/

 :: Spring Boot ::                (v4.1.0)


2026-08-14 15:31:25.710 [Test worker] INFO  c.f.e.user.UserControllerTest [] [] - Starting UserControllerTest using Java 21.0.12 with PID 22608 (started by hkandie in /Users/hkandie/bench/readv/backend)
2026-08-14 15:31:25.710 [Test worker] DEBUG c.f.e.user.UserControllerTest [] [] - Running with Spring Boot v4.1.0, Spring v7.0.8
2026-08-14 15:31:25.711 [Test worker] INFO  c.f.e.user.UserControllerTest [] [] - The following 1 profile is active: "local"
2026-08-14 15:31:26.112 [Test worker] INFO  o.s.boot.tomcat.TomcatWebServer [] [] - Tomcat initialized with port 0 (http)
2026-08-14 15:31:26.120 [Test worker] INFO  o.a.coyote.http11.Http11NioProtocol [] [] - Initializing ProtocolHandler ["http-nio-auto-1"]
2026-08-14 15:31:26.121 [Test worker] INFO  o.a.catalina.core.StandardService [] [] - Starting service [Tomcat]
2026-08-14 15:31:26.122 [Test worker] INFO  o.a.catalina.core.StandardEngine [] [] - Starting Servlet engine: [Apache Tomcat/11.0.22]
2026-08-14 15:31:26.147 [Test worker] INFO  o.s.b.w.c.s.WebApplicationContextInitializer [] [] - Root WebApplicationContext: initialization completed in 426 ms
2026-08-14 15:31:26.404 [Test worker] WARN  o.s.b.s.a.UserDetailsServiceAutoConfiguration [] [] - 

Using generated security password: fd2ebbdf-5c7f-47d6-a1f3-7948b46374a6

This generated password is for development use only. Your security configuration must be updated before running your application in production.

2026-08-14 15:31:26.427 [Test worker] INFO  o.s.s.c.a.a.c.InitializeUserDetailsBeanManagerConfigurer$InitializeUserDetailsManagerConfigurer [] [] - Global AuthenticationManager configured with UserDetailsService bean with name inMemoryUserDetailsManager
2026-08-14 15:31:26.482 [Test worker] DEBUG o.s.s.web.DefaultSecurityFilterChain [] [] - Will secure any request with filters: DisableEncodeUrlFilter, WebAsyncManagerIntegrationFilter, SecurityContextHolderFilter, HeaderWriterFilter, CsrfFilter, LogoutFilter, UsernamePasswordAuthenticationFilter, DefaultResourcesFilter, DefaultLoginPageGeneratingFilter, DefaultLogoutPageGeneratingFilter, BasicAuthenticationFilter, RequestCacheAwareFilter, SecurityContextHolderAwareRequestFilter, AnonymousAuthenticationFilter, ExceptionTranslationFilter, AuthorizationFilter
2026-08-14 15:31:26.498 [Test worker] INFO  o.a.coyote.http11.Http11NioProtocol [] [] - Starting ProtocolHandler ["http-nio-auto-1"]
2026-08-14 15:31:26.505 [Test worker] INFO  o.s.boot.tomcat.TomcatWebServer [] [] - Tomcat started on port 50186 (http) with context path '/readvantage'
2026-08-14 15:31:26.508 [Test worker] INFO  c.f.e.user.UserControllerTest [] [] - Started UserControllerTest in 1.007 seconds (process running for 1.659)
2026-08-14 15:31:26.947 [http-nio-auto-1-exec-1] INFO  o.a.c.c.C.[.[.[/readvantage] [] [] - Initializing Spring DispatcherServlet 'dispatcherServlet'
2026-08-14 15:31:26.947 [http-nio-auto-1-exec-1] INFO  o.s.web.servlet.DispatcherServlet [] [] - Initializing Servlet 'dispatcherServlet'
2026-08-14 15:31:26.948 [http-nio-auto-1-exec-1] INFO  o.s.web.servlet.DispatcherServlet [] [] - Completed initialization in 1 ms
2026-08-14 15:31:26.952 [http-nio-auto-1-exec-1] DEBUG o.s.security.web.FilterChainProxy [] [] - Securing GET /api/user/me
2026-08-14 15:31:26.957 [http-nio-auto-1-exec-1] DEBUG o.s.s.w.a.AnonymousAuthenticationFilter [] [] - Set SecurityContextHolder to anonymous SecurityContext
2026-08-14 15:31:26.968 [http-nio-auto-1-exec-1] DEBUG o.s.s.w.s.HttpSessionRequestCache [] [] - Saved request http://localhost:50186/readvantage/api/user/me?continue to session
2026-08-14 15:31:26.969 [http-nio-auto-1-exec-1] DEBUG o.s.s.w.a.DelegatingAuthenticationEntryPoint [] [] - Trying to match using And [Not [RequestHeaderRequestMatcher [expectedHeaderName=X-Requested-With, expectedHeaderValue=XMLHttpRequest]], MediaTypeRequestMatcher [contentNegotiationStrategy=org.springframework.web.accept.ContentNegotiationManager@12765ebd, matchingMediaTypes=[application/xhtml+xml, image/*, text/html, text/plain], useEquals=false, ignoredMediaTypes=[*/*]]]
2026-08-14 15:31:26.970 [http-nio-auto-1-exec-1] DEBUG o.s.s.w.a.DelegatingAuthenticationEntryPoint [] [] - Trying to match using Or [RequestHeaderRequestMatcher [expectedHeaderName=X-Requested-With, expectedHeaderValue=XMLHttpRequest], And [Not [MediaTypeRequestMatcher [contentNegotiationStrategy=org.springframework.web.accept.ContentNegotiationManager@12765ebd, matchingMediaTypes=[text/html], useEquals=false, ignoredMediaTypes=[]]], MediaTypeRequestMatcher [contentNegotiationStrategy=org.springframework.web.accept.ContentNegotiationManager@12765ebd, matchingMediaTypes=[application/atom+xml, application/x-www-form-urlencoded, application/json, application/octet-stream, application/xml, multipart/form-data, text/xml], useEquals=false, ignoredMediaTypes=[*/*]]], MediaTypeRequestMatcher [contentNegotiationStrategy=org.springframework.web.accept.ContentNegotiationManager@12765ebd, matchingMediaTypes=[*/*], useEquals=true, ignoredMediaTypes=[]]]
2026-08-14 15:31:26.970 [http-nio-auto-1-exec-1] DEBUG o.s.s.w.a.DelegatingAuthenticationEntryPoint [] [] - Match found! Executing org.springframework.security.web.authentication.DelegatingAuthenticationEntryPoint@5eee3da9
2026-08-14 15:31:26.970 [http-nio-auto-1-exec-1] DEBUG o.s.s.w.a.DelegatingAuthenticationEntryPoint [] [] - Trying to match using RequestHeaderRequestMatcher [expectedHeaderName=X-Requested-With, expectedHeaderValue=XMLHttpRequest]
2026-08-14 15:31:26.970 [http-nio-auto-1-exec-1] DEBUG o.s.s.w.a.DelegatingAuthenticationEntryPoint [] [] - No match found. Using default entry point org.springframework.security.web.authentication.www.BasicAuthenticationEntryPoint@4f3a87bf
2026-08-14 15:31:26.972 [http-nio-auto-1-exec-1] DEBUG o.s.security.web.FilterChainProxy [] [] - Securing GET /error
2026-08-14 15:31:26.972 [http-nio-auto-1-exec-1] DEBUG o.s.s.w.a.AnonymousAuthenticationFilter [] [] - Set SecurityContextHolder to anonymous SecurityContext
2026-08-14 15:31:26.973 [http-nio-auto-1-exec-1] DEBUG o.s.s.w.s.HttpSessionRequestCache [] [] - Saved request http://localhost:50186/readvantage/error?continue to session
2026-08-14 15:31:26.973 [http-nio-auto-1-exec-1] DEBUG o.s.s.w.a.DelegatingAuthenticationEntryPoint [] [] - Trying to match using And [Not [RequestHeaderRequestMatcher [expectedHeaderName=X-Requested-With, expectedHeaderValue=XMLHttpRequest]], MediaTypeRequestMatcher [contentNegotiationStrategy=org.springframework.web.accept.ContentNegotiationManager@12765ebd, matchingMediaTypes=[application/xhtml+xml, image/*, text/html, text/plain], useEquals=false, ignoredMediaTypes=[*/*]]]
2026-08-14 15:31:26.973 [http-nio-auto-1-exec-1] DEBUG o.s.s.w.a.DelegatingAuthenticationEntryPoint [] [] - Trying to match using Or [RequestHeaderRequestMatcher [expectedHeaderName=X-Requested-With, expectedHeaderValue=XMLHttpRequest], And [Not [MediaTypeRequestMatcher [contentNegotiationStrategy=org.springframework.web.accept.ContentNegotiationManager@12765ebd, matchingMediaTypes=[text/html], useEquals=false, ignoredMediaTypes=[]]], MediaTypeRequestMatcher [contentNegotiationStrategy=org.springframework.web.accept.ContentNegotiationManager@12765ebd, matchingMediaTypes=[application/atom+xml, application/x-www-form-urlencoded, application/json, application/octet-stream, application/xml, multipart/form-data, text/xml], useEquals=false, ignoredMediaTypes=[*/*]]], MediaTypeRequestMatcher [contentNegotiationStrategy=org.springframework.web.accept.ContentNegotiationManager@12765ebd, matchingMediaTypes=[*/*], useEquals=true, ignoredMediaTypes=[]]]
2026-08-14 15:31:26.973 [http-nio-auto-1-exec-1] DEBUG o.s.s.w.a.DelegatingAuthenticationEntryPoint [] [] - Match found! Executing org.springframework.security.web.authentication.DelegatingAuthenticationEntryPoint@5eee3da9
2026-08-14 15:31:26.974 [http-nio-auto-1-exec-1] DEBUG o.s.s.w.a.DelegatingAuthenticationEntryPoint [] [] - Trying to match using RequestHeaderRequestMatcher [expectedHeaderName=X-Requested-With, expectedHeaderValue=XMLHttpRequest]
2026-08-14 15:31:26.974 [http-nio-auto-1-exec-1] DEBUG o.s.s.w.a.DelegatingAuthenticationEntryPoint [] [] - No match found. Using default entry point org.springframework.security.web.authentication.www.BasicAuthenticationEntryPoint@4f3a87bf
2026-08-14 15:31:26.983 [Test worker] ERROR o.s.t.w.s.client.ExchangeResult [] [] - Request details for assertion failure:

> GET http://localhost:50186/readvantage/api/user/me
> RestTestClient-Request-Id: [1]
> Content-Length: [0]

0 bytes of content (unknown content-type).

< 401 UNAUTHORIZED Unauthorized
< cache-control: [no-cache, no-store, max-age=0, must-revalidate]
< content-length: [0]
< date: [Fri, 14 Aug 2026 20:31:26 GMT]
< expires: [0]
< pragma: [no-cache]
< set-cookie: [JSESSIONID=537C562EA483939EC2FD742E480CA7B4; Path=/readvantage; HttpOnly]
< www-authenticate: [Basic realm="Realm", charset="UTF-8"]
< x-content-type-options: [nosniff]
< x-frame-options: [DENY]
< x-xss-protection: [0]

0 bytes of content (unknown content-type).

2026-08-14 15:31:26.994 [Test worker] INFO  o.s.t.c.s.AnnotationConfigContextLoaderUtils [] [] - Could not detect default configuration classes for test class [com.fhlbdm.eadvantage.ApplicationTests]: ApplicationTests does not declare any static, non-private, non-final, nested classes annotated with @Configuration.
2026-08-14 15:31:26.996 [Test worker] INFO  o.s.b.t.c.SpringBootTestContextBootstrapper [] [] - Found @SpringBootConfiguration com.fhlbdm.eadvantage.Application for test class com.fhlbdm.eadvantage.ApplicationTests
2026-08-14 15:31:26.997 [Test worker] INFO  o.s.t.c.s.AnnotationConfigContextLoaderUtils [] [] - Could not detect default configuration classes for test class [com.fhlbdm.eadvantage.ApplicationTests]: ApplicationTests does not declare any static, non-private, non-final, nested classes annotated with @Configuration.
2026-08-14 15:31:26.998 [Test worker] INFO  o.s.b.t.c.SpringBootTestContextBootstrapper [] [] - Found @SpringBootConfiguration com.fhlbdm.eadvantage.Application for test class com.fhlbdm.eadvantage.ApplicationTests
2026-08-14 15:31:27.023 [Test worker] INFO  o.s.boot.SpringApplication [] [] - 
  .   ____          _            __ _ _
 /\\ / ___'_ __ _ _(_)_ __  __ _ \ \ \ \
( ( )\___ | '_ | '_| | '_ \/ _` | \ \ \ \
 \\/  ___)| |_)| | | | | || (_| |  ) ) ) )
  '  |____| .__|_| |_|_| |_\__, | / / / /
 =========|_|==============|___/=/_/_/_/

 :: Spring Boot ::                (v4.1.0)


2026-08-14 15:31:27.024 [Test worker] INFO  c.fhlbdm.eadvantage.ApplicationTests [] [] - Starting ApplicationTests using Java 21.0.12 with PID 22608 (started by hkandie in /Users/hkandie/bench/readv/backend)
2026-08-14 15:31:27.024 [Test worker] DEBUG c.fhlbdm.eadvantage.ApplicationTests [] [] - Running with Spring Boot v4.1.0, Spring v7.0.8
2026-08-14 15:31:27.024 [Test worker] INFO  c.fhlbdm.eadvantage.ApplicationTests [] [] - The following 1 profile is active: "local"
2026-08-14 15:31:27.130 [Test worker] WARN  o.s.b.s.a.UserDetailsServiceAutoConfiguration [] [] - 

Using generated security password: 38cc7068-ca16-4864-a327-ca7420a3234f

This generated password is for development use only. Your security configuration must be updated before running your application in production.

2026-08-14 15:31:27.136 [Test worker] INFO  o.s.s.c.a.a.c.InitializeUserDetailsBeanManagerConfigurer$InitializeUserDetailsManagerConfigurer [] [] - Global AuthenticationManager configured with UserDetailsService bean with name inMemoryUserDetailsManager
2026-08-14 15:31:27.149 [Test worker] DEBUG o.s.s.web.DefaultSecurityFilterChain [] [] - Will secure any request with filters: DisableEncodeUrlFilter, WebAsyncManagerIntegrationFilter, SecurityContextHolderFilter, HeaderWriterFilter, CsrfFilter, LogoutFilter, UsernamePasswordAuthenticationFilter, DefaultResourcesFilter, DefaultLoginPageGeneratingFilter, DefaultLogoutPageGeneratingFilter, BasicAuthenticationFilter, RequestCacheAwareFilter, SecurityContextHolderAwareRequestFilter, AnonymousAuthenticationFilter, ExceptionTranslationFilter, AuthorizationFilter
2026-08-14 15:31:27.160 [Test worker] INFO  c.fhlbdm.eadvantage.ApplicationTests [] [] - Started ApplicationTests in 0.157 seconds (process running for 2.312)
2026-08-14 15:31:27.172 [SpringApplicationShutdownHook] INFO  o.s.boot.tomcat.GracefulShutdown [] [] - Commencing graceful shutdown. Waiting for active requests to complete
2026-08-14 15:31:27.176 [tomcat-shutdown] INFO  o.s.boot.tomcat.GracefulShutdown [] [] - Graceful shutdown complete
2026-08-14 15:33:18.657 [Test worker] INFO  c.f.e.user.UserControllerTest [] [] - Starting UserControllerTest using Java 21.0.12 with PID 23839 (started by hkandie in /Users/hkandie/bench/readv/backend)
2026-08-14 15:33:18.658 [Test worker] INFO  c.f.e.user.UserControllerTest [] [] - The following 1 profile is active: "test"
2026-08-14 15:33:19.376 [Test worker] WARN  o.s.b.s.a.UserDetailsServiceAutoConfiguration [] [] - 

Using generated security password: cf5a9b0d-1bc1-432b-af3f-cfe4d4f91aa9

This generated password is for development use only. Your security configuration must be updated before running your application in production.

2026-08-14 15:33:19.472 [Test worker] INFO  c.f.e.user.UserControllerTest [] [] - Started UserControllerTest in 1.037 seconds (process running for 1.693)
2026-08-14 15:33:19.954 [Test worker] ERROR o.s.t.w.s.client.ExchangeResult [] [] - Request details for assertion failure:

> GET http://localhost:50330/readvantage/api/user/me
> RestTestClient-Request-Id: [1]
> Content-Length: [0]

0 bytes of content (unknown content-type).

< 401 UNAUTHORIZED Unauthorized
< cache-control: [no-cache, no-store, max-age=0, must-revalidate]
< content-length: [0]
< date: [Fri, 14 Aug 2026 20:33:19 GMT]
< expires: [0]
< pragma: [no-cache]
< set-cookie: [JSESSIONID=CCC3CBE61033C29FE24D84A8D5224EC6; Path=/readvantage; HttpOnly]
< www-authenticate: [Basic realm="Realm", charset="UTF-8"]
< x-content-type-options: [nosniff]
< x-frame-options: [DENY]
< x-xss-protection: [0]

0 bytes of content (unknown content-type).

2026-08-14 15:34:09.195 [Test worker] INFO  c.f.e.user.UserControllerTest [] [] - Starting UserControllerTest using Java 21.0.12 with PID 24403 (started by hkandie in /Users/hkandie/bench/readv/backend)
2026-08-14 15:34:09.197 [Test worker] INFO  c.f.e.user.UserControllerTest [] [] - The following 1 profile is active: "test"
2026-08-14 15:34:09.883 [Test worker] WARN  o.s.b.s.a.UserDetailsServiceAutoConfiguration [] [] - 

Using generated security password: 59d6150d-46a6-4992-9329-1d49b5d55c77

This generated password is for development use only. Your security configuration must be updated before running your application in production.

2026-08-14 15:34:09.977 [Test worker] INFO  c.f.e.user.UserControllerTest [] [] - Started UserControllerTest in 0.992 seconds (process running for 1.608)
2026-08-14 15:34:10.462 [Test worker] ERROR o.s.t.w.s.client.ExchangeResult [] [] - Request details for assertion failure:

> GET http://localhost:50401/readvantage/api/user/me
> RestTestClient-Request-Id: [1]
> Content-Length: [0]

0 bytes of content (unknown content-type).

< 401 UNAUTHORIZED Unauthorized
< cache-control: [no-cache, no-store, max-age=0, must-revalidate]
< content-length: [0]
< date: [Fri, 14 Aug 2026 20:34:10 GMT]
< expires: [0]
< pragma: [no-cache]
< set-cookie: [JSESSIONID=92D6B1D67C32DAB9852233DC2217DB9E; Path=/readvantage; HttpOnly]
< www-authenticate: [Basic realm="Realm", charset="UTF-8"]
< x-content-type-options: [nosniff]
< x-frame-options: [DENY]
< x-xss-protection: [0]

0 bytes of content (unknown content-type).

2026-08-14 15:34:10.509 [Test worker] INFO  o.s.boot.SpringApplication [] [] - 
  .   ____          _            __ _ _
 /\\ / ___'_ __ _ _(_)_ __  __ _ \ \ \ \
( ( )\___ | '_ | '_| | '_ \/ _` | \ \ \ \
 \\/  ___)| |_)| | | | | || (_| |  ) ) ) )
  '  |____| .__|_| |_|_| |_\__, | / / / /
 =========|_|==============|___/=/_/_/_/

 :: Spring Boot ::                (v4.1.0)


2026-08-14 15:34:10.510 [Test worker] INFO  c.fhlbdm.eadvantage.ApplicationTests [] [] - Starting ApplicationTests using Java 21.0.12 with PID 24403 (started by hkandie in /Users/hkandie/bench/readv/backend)
2026-08-14 15:34:10.510 [Test worker] DEBUG c.fhlbdm.eadvantage.ApplicationTests [] [] - Running with Spring Boot v4.1.0, Spring v7.0.8
2026-08-14 15:34:10.510 [Test worker] INFO  c.fhlbdm.eadvantage.ApplicationTests [] [] - The following 1 profile is active: "local"
2026-08-14 15:34:10.614 [Test worker] WARN  o.s.b.s.a.UserDetailsServiceAutoConfiguration [] [] - 

Using generated security password: 62410cb0-793c-40ab-a4d2-4da3f5c469be

This generated password is for development use only. Your security configuration must be updated before running your application in production.

2026-08-14 15:34:10.620 [Test worker] INFO  o.s.s.c.a.a.c.InitializeUserDetailsBeanManagerConfigurer$InitializeUserDetailsManagerConfigurer [] [] - Global AuthenticationManager configured with UserDetailsService bean with name inMemoryUserDetailsManager
2026-08-14 15:34:10.627 [Test worker] DEBUG o.s.s.web.DefaultSecurityFilterChain [] [] - Will secure any request with filters: DisableEncodeUrlFilter, WebAsyncManagerIntegrationFilter, SecurityContextHolderFilter, HeaderWriterFilter, CsrfFilter, LogoutFilter, UsernamePasswordAuthenticationFilter, DefaultResourcesFilter, DefaultLoginPageGeneratingFilter, DefaultLogoutPageGeneratingFilter, BasicAuthenticationFilter, RequestCacheAwareFilter, SecurityContextHolderAwareRequestFilter, AnonymousAuthenticationFilter, ExceptionTranslationFilter, AuthorizationFilter
2026-08-14 15:34:10.637 [Test worker] INFO  c.fhlbdm.eadvantage.ApplicationTests [] [] - Started ApplicationTests in 0.15 seconds (process running for 2.268)
2026-08-14 15:34:10.648 [SpringApplicationShutdownHook] INFO  o.s.boot.tomcat.GracefulShutdown [] [] - Commencing graceful shutdown. Waiting for active requests to complete
2026-08-14 15:34:10.651 [tomcat-shutdown] INFO  o.s.boot.tomcat.GracefulShutdown [] [] - Graceful shutdown complete
2026-08-14 15:34:54.956 [Test worker] INFO  c.f.e.user.UserControllerTest [] [] - Starting UserControllerTest using Java 21.0.12 with PID 24927 (started by hkandie in /Users/hkandie/bench/readv/backend)
2026-08-14 15:34:54.957 [Test worker] INFO  c.f.e.user.UserControllerTest [] [] - The following 1 profile is active: "test"
2026-08-14 15:34:55.505 [Test worker] WARN  o.s.b.s.a.UserDetailsServiceAutoConfiguration [] [] - 

Using generated security password: 2583bec1-fba4-4383-962f-7d7165953957

This generated password is for development use only. Your security configuration must be updated before running your application in production.

2026-08-14 15:34:55.755 [Test worker] INFO  c.f.e.user.UserControllerTest [] [] - Started UserControllerTest in 1.014 seconds (process running for 1.695)
2026-08-14 15:34:56.196 [http-nio-auto-1-exec-1] INFO  c.f.e.filter.RequestLoggingFilter [af6fdeb7-e37a-4836-b701-127a30b8de97] [] - INCOMING_REQUEST - Method: GET Path: /readvantage/api/user/me RemoteAddr: 127.0.0.1
2026-08-14 15:34:56.240 [http-nio-auto-1-exec-1] INFO  c.f.e.filter.RequestLoggingFilter [af6fdeb7-e37a-4836-b701-127a30b8de97] [anonymousUser] - OUTGOING_RESPONSE - Method: GET Path: /readvantage/api/user/me Status: 200 Duration: 44ms
2026-08-14 15:35:47.879 [Test worker] INFO  o.s.boot.SpringApplication [] [] - 
  .   ____          _            __ _ _
 /\\ / ___'_ __ _ _(_)_ __  __ _ \ \ \ \
( ( )\___ | '_ | '_| | '_ \/ _` | \ \ \ \
 \\/  ___)| |_)| | | | | || (_| |  ) ) ) )
  '  |____| .__|_| |_|_| |_\__, | / / / /
 =========|_|==============|___/=/_/_/_/

 :: Spring Boot ::                (v4.1.0)


2026-08-14 15:35:47.899 [Test worker] INFO  c.fhlbdm.eadvantage.ApplicationTests [] [] - Starting ApplicationTests using Java 21.0.12 with PID 25469 (started by hkandie in /Users/hkandie/bench/readv/backend)
2026-08-14 15:35:47.900 [Test worker] DEBUG c.fhlbdm.eadvantage.ApplicationTests [] [] - Running with Spring Boot v4.1.0, Spring v7.0.8
2026-08-14 15:35:47.901 [Test worker] INFO  c.fhlbdm.eadvantage.ApplicationTests [] [] - The following 1 profile is active: "local"
2026-08-14 15:35:48.293 [Test worker] WARN  o.s.b.s.a.UserDetailsServiceAutoConfiguration [] [] - 

Using generated security password: 8b082ef7-83f0-4124-8a8e-7f4a834f6e1d

This generated password is for development use only. Your security configuration must be updated before running your application in production.

2026-08-14 15:35:48.296 [Test worker] INFO  o.s.s.c.a.a.c.InitializeUserDetailsBeanManagerConfigurer$InitializeUserDetailsManagerConfigurer [] [] - Global AuthenticationManager configured with UserDetailsService bean with name inMemoryUserDetailsManager
2026-08-14 15:35:48.363 [Test worker] DEBUG o.s.s.web.DefaultSecurityFilterChain [] [] - Will secure any request with filters: DisableEncodeUrlFilter, WebAsyncManagerIntegrationFilter, SecurityContextHolderFilter, HeaderWriterFilter, LogoutFilter, RequestCacheAwareFilter, SecurityContextHolderAwareRequestFilter, AnonymousAuthenticationFilter, ExceptionTranslationFilter, AuthorizationFilter
2026-08-14 15:35:48.496 [Test worker] INFO  c.fhlbdm.eadvantage.ApplicationTests [] [] - Started ApplicationTests in 0.803 seconds (process running for 1.455)
2026-08-14 15:35:48.883 [Test worker] INFO  o.s.t.c.s.AnnotationConfigContextLoaderUtils [] [] - Could not detect default configuration classes for test class [com.fhlbdm.eadvantage.user.UserControllerTest]: UserControllerTest does not declare any static, non-private, non-final, nested classes annotated with @Configuration.
2026-08-14 15:35:48.890 [Test worker] INFO  o.s.b.t.c.SpringBootTestContextBootstrapper [] [] - Found @SpringBootConfiguration com.fhlbdm.eadvantage.Application for test class com.fhlbdm.eadvantage.user.UserControllerTest
2026-08-14 15:35:48.890 [Test worker] INFO  o.s.t.c.s.AnnotationConfigContextLoaderUtils [] [] - Could not detect default configuration classes for test class [com.fhlbdm.eadvantage.user.UserControllerTest]: UserControllerTest does not declare any static, non-private, non-final, nested classes annotated with @Configuration.
2026-08-14 15:35:48.892 [Test worker] INFO  o.s.b.t.c.SpringBootTestContextBootstrapper [] [] - Found @SpringBootConfiguration com.fhlbdm.eadvantage.Application for test class com.fhlbdm.eadvantage.user.UserControllerTest
2026-08-14 15:35:48.922 [Test worker] INFO  c.f.e.user.UserControllerTest [] [] - Starting UserControllerTest using Java 21.0.12 with PID 25469 (started by hkandie in /Users/hkandie/bench/readv/backend)
2026-08-14 15:35:48.922 [Test worker] INFO  c.f.e.user.UserControllerTest [] [] - The following 1 profile is active: "test"
2026-08-14 15:35:49.130 [Test worker] WARN  o.s.b.s.a.UserDetailsServiceAutoConfiguration [] [] - 

Using generated security password: c2695fff-bae5-4b77-9301-491e5336b994

This generated password is for development use only. Your security configuration must be updated before running your application in production.

2026-08-14 15:35:49.247 [Test worker] INFO  c.f.e.user.UserControllerTest [] [] - Started UserControllerTest in 0.351 seconds (process running for 2.206)
2026-08-14 15:35:49.315 [http-nio-auto-1-exec-1] INFO  c.f.e.filter.RequestLoggingFilter [ed2a31c9-afd0-4b82-9377-0b9820473e03] [] - INCOMING_REQUEST - Method: GET Path: /readvantage/api/user/me RemoteAddr: 127.0.0.1
2026-08-14 15:35:49.353 [http-nio-auto-1-exec-1] INFO  c.f.e.filter.RequestLoggingFilter [ed2a31c9-afd0-4b82-9377-0b9820473e03] [anonymousUser] - OUTGOING_RESPONSE - Method: GET Path: /readvantage/api/user/me Status: 200 Duration: 38ms
2026-08-14 15:40:27.767 [main] INFO  o.s.boot.SpringApplication [] [] - 
  .   ____          _            __ _ _
 /\\ / ___'_ __ _ _(_)_ __  __ _ \ \ \ \
( ( )\___ | '_ | '_| | '_ \/ _` | \ \ \ \
 \\/  ___)| |_)| | | | | || (_| |  ) ) ) )
  '  |____| .__|_| |_|_| |_\__, | / / / /
 =========|_|==============|___/=/_/_/_/

 :: Spring Boot ::                (v4.1.0)


2026-08-14 15:40:27.802 [main] INFO  com.fhlbdm.eadvantage.Application [] [] - Starting Application using Java 21.0.12 with PID 29197 (/Users/hkandie/bench/readv/backend/build/classes/java/main started by hkandie in /Users/hkandie/bench/readv/backend)
2026-08-14 15:40:27.802 [main] DEBUG com.fhlbdm.eadvantage.Application [] [] - Running with Spring Boot v4.1.0, Spring v7.0.8
2026-08-14 15:40:27.803 [main] INFO  com.fhlbdm.eadvantage.Application [] [] - The following 1 profile is active: "local"
2026-08-14 15:40:28.252 [main] INFO  o.s.boot.tomcat.TomcatWebServer [] [] - Tomcat initialized with port 8080 (http)
2026-08-14 15:40:28.260 [main] INFO  o.a.coyote.http11.Http11NioProtocol [] [] - Initializing ProtocolHandler ["http-nio-8080"]
2026-08-14 15:40:28.261 [main] INFO  o.a.catalina.core.StandardService [] [] - Starting service [Tomcat]
2026-08-14 15:40:28.261 [main] INFO  o.a.catalina.core.StandardEngine [] [] - Starting Servlet engine: [Apache Tomcat/11.0.22]
2026-08-14 15:40:28.284 [main] INFO  o.s.b.w.c.s.WebApplicationContextInitializer [] [] - Root WebApplicationContext: initialization completed in 462 ms
2026-08-14 15:40:28.364 [main] WARN  o.s.b.s.a.UserDetailsServiceAutoConfiguration [] [] - 

Using generated security password: af57f44c-01e2-47c5-8be0-9e8aaadb05a8

This generated password is for development use only. Your security configuration must be updated before running your application in production.

2026-08-14 15:40:28.368 [main] INFO  o.s.s.c.a.a.c.InitializeUserDetailsBeanManagerConfigurer$InitializeUserDetailsManagerConfigurer [] [] - Global AuthenticationManager configured with UserDetailsService bean with name inMemoryUserDetailsManager
2026-08-14 15:40:28.422 [main] DEBUG o.s.s.web.DefaultSecurityFilterChain [] [] - Will secure any request with filters: DisableEncodeUrlFilter, WebAsyncManagerIntegrationFilter, SecurityContextHolderFilter, HeaderWriterFilter, LogoutFilter, RequestCacheAwareFilter, SecurityContextHolderAwareRequestFilter, AnonymousAuthenticationFilter, ExceptionTranslationFilter, AuthorizationFilter
2026-08-14 15:40:28.527 [main] INFO  o.a.coyote.http11.Http11NioProtocol [] [] - Starting ProtocolHandler ["http-nio-8080"]
2026-08-14 15:40:28.544 [main] INFO  o.s.boot.tomcat.TomcatWebServer [] [] - Tomcat started on port 8080 (http) with context path '/readvantage'
2026-08-14 15:40:28.547 [main] INFO  com.fhlbdm.eadvantage.Application [] [] - Started Application in 1.05 seconds (process running for 1.239)
2026-08-14 15:41:03.659 [main] INFO  o.s.boot.SpringApplication [] [] - 
  .   ____          _            __ _ _
 /\\ / ___'_ __ _ _(_)_ __  __ _ \ \ \ \
( ( )\___ | '_ | '_| | '_ \/ _` | \ \ \ \
 \\/  ___)| |_)| | | | | || (_| |  ) ) ) )
  '  |____| .__|_| |_|_| |_\__, | / / / /
 =========|_|==============|___/=/_/_/_/

 :: Spring Boot ::                (v4.1.0)


2026-08-14 15:41:03.689 [main] INFO  com.fhlbdm.eadvantage.Application [] [] - Starting Application using Java 21.0.12 with PID 29691 (/Users/hkandie/bench/readv/backend/build/classes/java/main started by hkandie in /Users/hkandie/bench/readv/backend)
2026-08-14 15:41:03.690 [main] DEBUG com.fhlbdm.eadvantage.Application [] [] - Running with Spring Boot v4.1.0, Spring v7.0.8
2026-08-14 15:41:03.690 [main] INFO  com.fhlbdm.eadvantage.Application [] [] - The following 1 profile is active: "local"
2026-08-14 15:41:04.111 [main] INFO  o.s.boot.tomcat.TomcatWebServer [] [] - Tomcat initialized with port 8080 (http)
2026-08-14 15:41:04.119 [main] INFO  o.a.coyote.http11.Http11NioProtocol [] [] - Initializing ProtocolHandler ["http-nio-8080"]
2026-08-14 15:41:04.120 [main] INFO  o.a.catalina.core.StandardService [] [] - Starting service [Tomcat]
2026-08-14 15:41:04.120 [main] INFO  o.a.catalina.core.StandardEngine [] [] - Starting Servlet engine: [Apache Tomcat/11.0.22]
2026-08-14 15:41:04.143 [main] INFO  o.s.b.w.c.s.WebApplicationContextInitializer [] [] - Root WebApplicationContext: initialization completed in 433 ms
2026-08-14 15:41:04.233 [main] WARN  o.s.b.s.a.UserDetailsServiceAutoConfiguration [] [] - 

Using generated security password: 6fe1931e-55bf-4c94-afe2-934ce8923128

This generated password is for development use only. Your security configuration must be updated before running your application in production.

2026-08-14 15:41:04.237 [main] INFO  o.s.s.c.a.a.c.InitializeUserDetailsBeanManagerConfigurer$InitializeUserDetailsManagerConfigurer [] [] - Global AuthenticationManager configured with UserDetailsService bean with name inMemoryUserDetailsManager
2026-08-14 15:41:04.294 [main] DEBUG o.s.s.web.DefaultSecurityFilterChain [] [] - Will secure any request with filters: DisableEncodeUrlFilter, WebAsyncManagerIntegrationFilter, SecurityContextHolderFilter, HeaderWriterFilter, LogoutFilter, RequestCacheAwareFilter, SecurityContextHolderAwareRequestFilter, AnonymousAuthenticationFilter, ExceptionTranslationFilter, AuthorizationFilter
2026-08-14 15:41:04.386 [main] INFO  o.a.coyote.http11.Http11NioProtocol [] [] - Starting ProtocolHandler ["http-nio-8080"]
2026-08-14 15:41:04.397 [main] WARN  o.s.b.w.s.s.c.AnnotationConfigServletWebServerApplicationContext [] [] - Exception encountered during context initialization - cancelling refresh attempt: org.springframework.context.ApplicationContextException: Failed to start bean 'webServerStartStop'
2026-08-14 15:41:04.403 [main] INFO  o.s.b.a.l.ConditionEvaluationReportLogger [] [] - 

Error starting ApplicationContext. To display the condition evaluation report re-run your application with 'debug' enabled.
2026-08-14 15:41:04.408 [main] ERROR o.s.b.d.LoggingFailureAnalysisReporter [] [] - 

***************************
APPLICATION FAILED TO START
***************************

Description:

Web server failed to start. Port 8080 was already in use.

Action:

Identify and stop the process that's listening on port 8080 or configure this application to listen on another port.

2026-08-14 15:47:20.148 [main] INFO  o.s.boot.SpringApplication [] [] - 
  .   ____          _            __ _ _
 /\\ / ___'_ __ _ _(_)_ __  __ _ \ \ \ \
( ( )\___ | '_ | '_| | '_ \/ _` | \ \ \ \
 \\/  ___)| |_)| | | | | || (_| |  ) ) ) )
  '  |____| .__|_| |_|_| |_\__, | / / / /
 =========|_|==============|___/=/_/_/_/

 :: Spring Boot ::                (v4.1.0)


2026-08-14 15:47:20.178 [main] INFO  com.fhlbdm.eadvantage.Application [] [] - Starting Application using Java 21.0.12 with PID 33777 (/Users/hkandie/bench/readv/backend/build/classes/java/main started by hkandie in /Users/hkandie/bench/readv/backend)
2026-08-14 15:47:20.179 [main] DEBUG com.fhlbdm.eadvantage.Application [] [] - Running with Spring Boot v4.1.0, Spring v7.0.8
2026-08-14 15:47:20.179 [main] INFO  com.fhlbdm.eadvantage.Application [] [] - The following 1 profile is active: "local"
2026-08-14 15:47:20.583 [main] INFO  o.s.boot.tomcat.TomcatWebServer [] [] - Tomcat initialized with port 8080 (http)
2026-08-14 15:47:20.591 [main] INFO  o.a.coyote.http11.Http11NioProtocol [] [] - Initializing ProtocolHandler ["http-nio-8080"]
2026-08-14 15:47:20.592 [main] INFO  o.a.catalina.core.StandardService [] [] - Starting service [Tomcat]
2026-08-14 15:47:20.592 [main] INFO  o.a.catalina.core.StandardEngine [] [] - Starting Servlet engine: [Apache Tomcat/11.0.22]
2026-08-14 15:47:20.615 [main] INFO  o.s.b.w.c.s.WebApplicationContextInitializer [] [] - Root WebApplicationContext: initialization completed in 416 ms
2026-08-14 15:47:20.699 [main] WARN  o.s.b.s.a.UserDetailsServiceAutoConfiguration [] [] - 

Using generated security password: bb18a03b-9003-4c1d-bf6f-cb75ae776ddb

This generated password is for development use only. Your security configuration must be updated before running your application in production.

2026-08-14 15:47:20.703 [main] INFO  o.s.s.c.a.a.c.InitializeUserDetailsBeanManagerConfigurer$InitializeUserDetailsManagerConfigurer [] [] - Global AuthenticationManager configured with UserDetailsService bean with name inMemoryUserDetailsManager
2026-08-14 15:47:20.758 [main] DEBUG o.s.s.web.DefaultSecurityFilterChain [] [] - Will secure any request with filters: DisableEncodeUrlFilter, WebAsyncManagerIntegrationFilter, SecurityContextHolderFilter, HeaderWriterFilter, LogoutFilter, RequestCacheAwareFilter, SecurityContextHolderAwareRequestFilter, AnonymousAuthenticationFilter, ExceptionTranslationFilter, AuthorizationFilter
2026-08-14 15:47:20.853 [main] INFO  o.a.coyote.http11.Http11NioProtocol [] [] - Starting ProtocolHandler ["http-nio-8080"]
2026-08-14 15:47:20.863 [main] WARN  o.s.b.w.s.s.c.AnnotationConfigServletWebServerApplicationContext [] [] - Exception encountered during context initialization - cancelling refresh attempt: org.springframework.context.ApplicationContextException: Failed to start bean 'webServerStartStop'
2026-08-14 15:47:20.870 [main] INFO  o.s.b.a.l.ConditionEvaluationReportLogger [] [] - 

Error starting ApplicationContext. To display the condition evaluation report re-run your application with 'debug' enabled.
2026-08-14 15:47:20.875 [main] ERROR o.s.b.d.LoggingFailureAnalysisReporter [] [] - 

***************************
APPLICATION FAILED TO START
***************************

Description:

Web server failed to start. Port 8080 was already in use.

Action:

Identify and stop the process that's listening on port 8080 or configure this application to listen on another port.

2026-08-14 15:47:46.003 [main] INFO  o.s.boot.SpringApplication [] [] - 
  .   ____          _            __ _ _
 /\\ / ___'_ __ _ _(_)_ __  __ _ \ \ \ \
( ( )\___ | '_ | '_| | '_ \/ _` | \ \ \ \
 \\/  ___)| |_)| | | | | || (_| |  ) ) ) )
  '  |____| .__|_| |_|_| |_\__, | / / / /
 =========|_|==============|___/=/_/_/_/

 :: Spring Boot ::                (v4.1.0)


2026-08-14 15:47:46.033 [main] INFO  com.fhlbdm.eadvantage.Application [] [] - Starting Application using Java 21.0.12 with PID 34205 (/Users/hkandie/bench/readv/backend/build/classes/java/main started by hkandie in /Users/hkandie/bench/readv/backend)
2026-08-14 15:47:46.033 [main] DEBUG com.fhlbdm.eadvantage.Application [] [] - Running with Spring Boot v4.1.0, Spring v7.0.8
2026-08-14 15:47:46.033 [main] INFO  com.fhlbdm.eadvantage.Application [] [] - The following 1 profile is active: "local"
2026-08-14 15:47:46.456 [main] INFO  o.s.boot.tomcat.TomcatWebServer [] [] - Tomcat initialized with port 8080 (http)
2026-08-14 15:47:46.464 [main] INFO  o.a.coyote.http11.Http11NioProtocol [] [] - Initializing ProtocolHandler ["http-nio-8080"]
2026-08-14 15:47:46.465 [main] INFO  o.a.catalina.core.StandardService [] [] - Starting service [Tomcat]
2026-08-14 15:47:46.465 [main] INFO  o.a.catalina.core.StandardEngine [] [] - Starting Servlet engine: [Apache Tomcat/11.0.22]
2026-08-14 15:47:46.487 [main] INFO  o.s.b.w.c.s.WebApplicationContextInitializer [] [] - Root WebApplicationContext: initialization completed in 434 ms
2026-08-14 15:47:46.567 [main] WARN  o.s.b.s.a.UserDetailsServiceAutoConfiguration [] [] - 

Using generated security password: afce5b26-767c-413e-93f3-09a08923af55

This generated password is for development use only. Your security configuration must be updated before running your application in production.

2026-08-14 15:47:46.571 [main] INFO  o.s.s.c.a.a.c.InitializeUserDetailsBeanManagerConfigurer$InitializeUserDetailsManagerConfigurer [] [] - Global AuthenticationManager configured with UserDetailsService bean with name inMemoryUserDetailsManager
2026-08-14 15:47:46.626 [main] DEBUG o.s.s.web.DefaultSecurityFilterChain [] [] - Will secure any request with filters: DisableEncodeUrlFilter, WebAsyncManagerIntegrationFilter, SecurityContextHolderFilter, HeaderWriterFilter, LogoutFilter, RequestCacheAwareFilter, SecurityContextHolderAwareRequestFilter, AnonymousAuthenticationFilter, ExceptionTranslationFilter, AuthorizationFilter
2026-08-14 15:47:46.724 [main] INFO  o.a.coyote.http11.Http11NioProtocol [] [] - Starting ProtocolHandler ["http-nio-8080"]
2026-08-14 15:47:46.740 [main] INFO  o.s.boot.tomcat.TomcatWebServer [] [] - Tomcat started on port 8080 (http) with context path '/readvantage'
2026-08-14 15:47:46.743 [main] INFO  com.fhlbdm.eadvantage.Application [] [] - Started Application in 0.998 seconds (process running for 1.18)
2026-08-14 15:49:24.034 [SpringApplicationShutdownHook] INFO  o.s.boot.tomcat.GracefulShutdown [] [] - Commencing graceful shutdown. Waiting for active requests to complete
2026-08-14 15:49:24.044 [tomcat-shutdown] INFO  o.s.boot.tomcat.GracefulShutdown [] [] - Graceful shutdown complete
2026-08-14 15:49:26.276 [main] INFO  o.s.boot.SpringApplication [] [] - 
  .   ____          _            __ _ _
 /\\ / ___'_ __ _ _(_)_ __  __ _ \ \ \ \
( ( )\___ | '_ | '_| | '_ \/ _` | \ \ \ \
 \\/  ___)| |_)| | | | | || (_| |  ) ) ) )
  '  |____| .__|_| |_|_| |_\__, | / / / /
 =========|_|==============|___/=/_/_/_/

 :: Spring Boot ::                (v4.1.0)


2026-08-14 15:49:26.306 [main] INFO  com.fhlbdm.eadvantage.Application [] [] - Starting Application using Java 21.0.12 with PID 35415 (/Users/hkandie/bench/readv/backend/build/classes/java/main started by hkandie in /Users/hkandie/bench/readv/backend)
2026-08-14 15:49:26.306 [main] DEBUG com.fhlbdm.eadvantage.Application [] [] - Running with Spring Boot v4.1.0, Spring v7.0.8
2026-08-14 15:49:26.307 [main] INFO  com.fhlbdm.eadvantage.Application [] [] - The following 1 profile is active: "local"
2026-08-14 15:49:26.704 [main] INFO  o.s.boot.tomcat.TomcatWebServer [] [] - Tomcat initialized with port 8080 (http)
2026-08-14 15:49:26.712 [main] INFO  o.a.coyote.http11.Http11NioProtocol [] [] - Initializing ProtocolHandler ["http-nio-8080"]
2026-08-14 15:49:26.713 [main] INFO  o.a.catalina.core.StandardService [] [] - Starting service [Tomcat]
2026-08-14 15:49:26.713 [main] INFO  o.a.catalina.core.StandardEngine [] [] - Starting Servlet engine: [Apache Tomcat/11.0.22]
2026-08-14 15:49:26.737 [main] INFO  o.s.b.w.c.s.WebApplicationContextInitializer [] [] - Root WebApplicationContext: initialization completed in 411 ms
2026-08-14 15:49:26.817 [main] WARN  o.s.b.s.a.UserDetailsServiceAutoConfiguration [] [] - 

Using generated security password: 3aff2837-5e1b-427a-be8e-c95d56ce855e

This generated password is for development use only. Your security configuration must be updated before running your application in production.

2026-08-14 15:49:26.821 [main] INFO  o.s.s.c.a.a.c.InitializeUserDetailsBeanManagerConfigurer$InitializeUserDetailsManagerConfigurer [] [] - Global AuthenticationManager configured with UserDetailsService bean with name inMemoryUserDetailsManager
2026-08-14 15:49:26.876 [main] DEBUG o.s.s.web.DefaultSecurityFilterChain [] [] - Will secure any request with filters: DisableEncodeUrlFilter, WebAsyncManagerIntegrationFilter, SecurityContextHolderFilter, HeaderWriterFilter, LogoutFilter, RequestCacheAwareFilter, SecurityContextHolderAwareRequestFilter, AnonymousAuthenticationFilter, ExceptionTranslationFilter, AuthorizationFilter
2026-08-14 15:49:26.968 [main] INFO  o.a.coyote.http11.Http11NioProtocol [] [] - Starting ProtocolHandler ["http-nio-8080"]
2026-08-14 15:49:26.986 [main] INFO  o.s.boot.tomcat.TomcatWebServer [] [] - Tomcat started on port 8080 (http) with context path '/readvantage'
2026-08-14 15:49:26.989 [main] INFO  com.fhlbdm.eadvantage.Application [] [] - Started Application in 0.978 seconds (process running for 1.153)
2026-08-14 15:51:25.151 [SpringApplicationShutdownHook] INFO  o.s.boot.tomcat.GracefulShutdown [] [] - Commencing graceful shutdown. Waiting for active requests to complete
2026-08-14 15:51:25.161 [tomcat-shutdown] INFO  o.s.boot.tomcat.GracefulShutdown [] [] - Graceful shutdown complete
2026-08-14 15:51:44.017 [main] INFO  o.s.boot.SpringApplication [] [] - 
  .   ____          _            __ _ _
 /\\ / ___'_ __ _ _(_)_ __  __ _ \ \ \ \
( ( )\___ | '_ | '_| | '_ \/ _` | \ \ \ \
 \\/  ___)| |_)| | | | | || (_| |  ) ) ) )
  '  |____| .__|_| |_|_| |_\__, | / / / /
 =========|_|==============|___/=/_/_/_/

 :: Spring Boot ::                (v4.1.0)


2026-08-14 15:51:44.045 [main] INFO  com.fhlbdm.eadvantage.Application [] [] - Starting Application using Java 21.0.12 with PID 36940 (/Users/hkandie/bench/readv/backend/build/classes/java/main started by hkandie in /Users/hkandie/bench/readv/backend)
2026-08-14 15:51:44.045 [main] DEBUG com.fhlbdm.eadvantage.Application [] [] - Running with Spring Boot v4.1.0, Spring v7.0.8
2026-08-14 15:51:44.045 [main] INFO  com.fhlbdm.eadvantage.Application [] [] - The following 1 profile is active: "local"
2026-08-14 15:51:44.480 [main] INFO  o.s.boot.tomcat.TomcatWebServer [] [] - Tomcat initialized with port 8080 (http)
2026-08-14 15:51:44.488 [main] INFO  o.a.coyote.http11.Http11NioProtocol [] [] - Initializing ProtocolHandler ["http-nio-8080"]
2026-08-14 15:51:44.489 [main] INFO  o.a.catalina.core.StandardService [] [] - Starting service [Tomcat]
2026-08-14 15:51:44.490 [main] INFO  o.a.catalina.core.StandardEngine [] [] - Starting Servlet engine: [Apache Tomcat/11.0.22]
2026-08-14 15:51:44.514 [main] INFO  o.s.b.w.c.s.WebApplicationContextInitializer [] [] - Root WebApplicationContext: initialization completed in 447 ms
2026-08-14 15:51:44.591 [main] WARN  o.s.b.s.a.UserDetailsServiceAutoConfiguration [] [] - 

Using generated security password: 68e9934d-776a-42f9-8f3d-a40ac1a39193

This generated password is for development use only. Your security configuration must be updated before running your application in production.

2026-08-14 15:51:44.595 [main] INFO  o.s.s.c.a.a.c.InitializeUserDetailsBeanManagerConfigurer$InitializeUserDetailsManagerConfigurer [] [] - Global AuthenticationManager configured with UserDetailsService bean with name inMemoryUserDetailsManager
2026-08-14 15:51:44.649 [main] DEBUG o.s.s.web.DefaultSecurityFilterChain [] [] - Will secure any request with filters: DisableEncodeUrlFilter, WebAsyncManagerIntegrationFilter, SecurityContextHolderFilter, HeaderWriterFilter, LogoutFilter, RequestCacheAwareFilter, SecurityContextHolderAwareRequestFilter, AnonymousAuthenticationFilter, ExceptionTranslationFilter, AuthorizationFilter
2026-08-14 15:51:44.745 [main] INFO  o.a.coyote.http11.Http11NioProtocol [] [] - Starting ProtocolHandler ["http-nio-8080"]
2026-08-14 15:51:44.762 [main] INFO  o.s.boot.tomcat.TomcatWebServer [] [] - Tomcat started on port 8080 (http) with context path '/readvantage'
2026-08-14 15:51:44.764 [main] INFO  com.fhlbdm.eadvantage.Application [] [] - Started Application in 1.009 seconds (process running for 1.209)
2026-08-14 15:52:09.290 [SpringApplicationShutdownHook] INFO  o.s.boot.tomcat.GracefulShutdown [] [] - Commencing graceful shutdown. Waiting for active requests to complete
2026-08-14 15:52:09.299 [tomcat-shutdown] INFO  o.s.boot.tomcat.GracefulShutdown [] [] - Graceful shutdown complete
2026-08-14 15:52:16.940 [main] INFO  o.s.boot.SpringApplication [] [] - 
  .   ____          _            __ _ _
 /\\ / ___'_ __ _ _(_)_ __  __ _ \ \ \ \
( ( )\___ | '_ | '_| | '_ \/ _` | \ \ \ \
 \\/  ___)| |_)| | | | | || (_| |  ) ) ) )
  '  |____| .__|_| |_|_| |_\__, | / / / /
 =========|_|==============|___/=/_/_/_/

 :: Spring Boot ::                (v4.1.0)


2026-08-14 15:52:16.968 [main] INFO  com.fhlbdm.eadvantage.Application [] [] - Starting Application using Java 21.0.12 with PID 37415 (/Users/hkandie/bench/readv/backend/build/classes/java/main started by hkandie in /Users/hkandie/bench/readv/backend)
2026-08-14 15:52:16.968 [main] DEBUG com.fhlbdm.eadvantage.Application [] [] - Running with Spring Boot v4.1.0, Spring v7.0.8
2026-08-14 15:52:16.968 [main] INFO  com.fhlbdm.eadvantage.Application [] [] - The following 1 profile is active: "local"
2026-08-14 15:52:17.376 [main] INFO  o.s.boot.tomcat.TomcatWebServer [] [] - Tomcat initialized with port 8080 (http)
2026-08-14 15:52:17.384 [main] INFO  o.a.coyote.http11.Http11NioProtocol [] [] - Initializing ProtocolHandler ["http-nio-8080"]
2026-08-14 15:52:17.385 [main] INFO  o.a.catalina.core.StandardService [] [] - Starting service [Tomcat]
2026-08-14 15:52:17.385 [main] INFO  o.a.catalina.core.StandardEngine [] [] - Starting Servlet engine: [Apache Tomcat/11.0.22]
2026-08-14 15:52:17.408 [main] INFO  o.s.b.w.c.s.WebApplicationContextInitializer [] [] - Root WebApplicationContext: initialization completed in 420 ms
2026-08-14 15:52:17.486 [main] WARN  o.s.b.s.a.UserDetailsServiceAutoConfiguration [] [] - 

Using generated security password: 5ed728ea-a02c-4add-a31b-7faeb7a1adb2

This generated password is for development use only. Your security configuration must be updated before running your application in production.

2026-08-14 15:52:17.490 [main] INFO  o.s.s.c.a.a.c.InitializeUserDetailsBeanManagerConfigurer$InitializeUserDetailsManagerConfigurer [] [] - Global AuthenticationManager configured with UserDetailsService bean with name inMemoryUserDetailsManager
2026-08-14 15:52:17.544 [main] DEBUG o.s.s.web.DefaultSecurityFilterChain [] [] - Will secure any request with filters: DisableEncodeUrlFilter, WebAsyncManagerIntegrationFilter, SecurityContextHolderFilter, HeaderWriterFilter, LogoutFilter, RequestCacheAwareFilter, SecurityContextHolderAwareRequestFilter, AnonymousAuthenticationFilter, ExceptionTranslationFilter, AuthorizationFilter
2026-08-14 15:52:17.642 [main] INFO  o.a.coyote.http11.Http11NioProtocol [] [] - Starting ProtocolHandler ["http-nio-8080"]
2026-08-14 15:52:17.658 [main] INFO  o.s.boot.tomcat.TomcatWebServer [] [] - Tomcat started on port 8080 (http) with context path '/readvantage'
2026-08-14 15:52:17.660 [main] INFO  com.fhlbdm.eadvantage.Application [] [] - Started Application in 0.979 seconds (process running for 1.148)
2026-08-14 15:53:32.492 [SpringApplicationShutdownHook] INFO  o.s.boot.tomcat.GracefulShutdown [] [] - Commencing graceful shutdown. Waiting for active requests to complete
2026-08-14 15:53:32.502 [tomcat-shutdown] INFO  o.s.boot.tomcat.GracefulShutdown [] [] - Graceful shutdown complete
2026-08-14 15:53:34.191 [main] INFO  o.s.boot.SpringApplication [] [] - 
  .   ____          _            __ _ _
 /\\ / ___'_ __ _ _(_)_ __  __ _ \ \ \ \
( ( )\___ | '_ | '_| | '_ \/ _` | \ \ \ \
 \\/  ___)| |_)| | | | | || (_| |  ) ) ) )
  '  |____| .__|_| |_|_| |_\__, | / / / /
 =========|_|==============|___/=/_/_/_/

 :: Spring Boot ::                (v4.1.0)


2026-08-14 15:53:34.223 [main] INFO  com.fhlbdm.eadvantage.Application [] [] - Starting Application using Java 21.0.12 with PID 38243 (/Users/hkandie/bench/readv/backend/build/classes/java/main started by hkandie in /Users/hkandie/bench/readv/backend)
2026-08-14 15:53:34.223 [main] DEBUG com.fhlbdm.eadvantage.Application [] [] - Running with Spring Boot v4.1.0, Spring v7.0.8
2026-08-14 15:53:34.223 [main] INFO  com.fhlbdm.eadvantage.Application [] [] - The following 1 profile is active: "local"
2026-08-14 15:53:34.620 [main] INFO  o.s.boot.tomcat.TomcatWebServer [] [] - Tomcat initialized with port 8080 (http)
2026-08-14 15:53:34.627 [main] INFO  o.a.coyote.http11.Http11NioProtocol [] [] - Initializing ProtocolHandler ["http-nio-8080"]
2026-08-14 15:53:34.628 [main] INFO  o.a.catalina.core.StandardService [] [] - Starting service [Tomcat]
2026-08-14 15:53:34.629 [main] INFO  o.a.catalina.core.StandardEngine [] [] - Starting Servlet engine: [Apache Tomcat/11.0.22]
2026-08-14 15:53:34.652 [main] INFO  o.s.b.w.c.s.WebApplicationContextInitializer [] [] - Root WebApplicationContext: initialization completed in 409 ms
2026-08-14 15:53:34.738 [main] WARN  o.s.b.s.a.UserDetailsServiceAutoConfiguration [] [] - 

Using generated security password: c89700c4-fb9d-432c-ae30-b88191298348

This generated password is for development use only. Your security configuration must be updated before running your application in production.

2026-08-14 15:53:34.742 [main] INFO  o.s.s.c.a.a.c.InitializeUserDetailsBeanManagerConfigurer$InitializeUserDetailsManagerConfigurer [] [] - Global AuthenticationManager configured with UserDetailsService bean with name inMemoryUserDetailsManager
2026-08-14 15:53:34.794 [main] DEBUG o.s.s.web.DefaultSecurityFilterChain [] [] - Will secure any request with filters: DisableEncodeUrlFilter, WebAsyncManagerIntegrationFilter, SecurityContextHolderFilter, HeaderWriterFilter, CorsFilter, LogoutFilter, RequestCacheAwareFilter, SecurityContextHolderAwareRequestFilter, AnonymousAuthenticationFilter, ExceptionTranslationFilter, AuthorizationFilter
2026-08-14 15:53:34.884 [main] INFO  o.a.coyote.http11.Http11NioProtocol [] [] - Starting ProtocolHandler ["http-nio-8080"]
2026-08-14 15:53:34.900 [main] INFO  o.s.boot.tomcat.TomcatWebServer [] [] - Tomcat started on port 8080 (http) with context path '/readvantage'
2026-08-14 15:53:34.903 [main] INFO  com.fhlbdm.eadvantage.Application [] [] - Started Application in 0.972 seconds (process running for 1.145)
2026-08-14 15:59:55.459 [http-nio-8080-exec-10] INFO  o.a.c.c.C.[.[.[/readvantage] [] [] - Initializing Spring DispatcherServlet 'dispatcherServlet'
2026-08-14 15:59:55.461 [http-nio-8080-exec-10] INFO  o.s.web.servlet.DispatcherServlet [] [] - Initializing Servlet 'dispatcherServlet'
2026-08-14 15:59:55.467 [http-nio-8080-exec-10] INFO  o.s.web.servlet.DispatcherServlet [] [] - Completed initialization in 6 ms
2026-08-14 15:59:55.477 [http-nio-8080-exec-10] DEBUG o.s.security.web.FilterChainProxy [] [] - Securing OPTIONS /api/user/me
2026-08-14 15:59:55.493 [http-nio-8080-exec-1] DEBUG o.s.security.web.FilterChainProxy [] [] - Securing GET /api/user/me
2026-08-14 15:59:55.497 [http-nio-8080-exec-1] DEBUG o.s.security.web.FilterChainProxy [] [] - Secured GET /api/user/me
2026-08-14 15:59:55.498 [http-nio-8080-exec-1] INFO  c.f.e.filter.RequestLoggingFilter [7e17cc2b-11f7-4048-be5b-91ad0359e15a] [] - INCOMING_REQUEST - Method: GET Path: /readvantage/api/user/me RemoteAddr: 0:0:0:0:0:0:0:1
2026-08-14 15:59:55.541 [http-nio-8080-exec-1] DEBUG o.s.s.w.a.AnonymousAuthenticationFilter [7e17cc2b-11f7-4048-be5b-91ad0359e15a] [] - Set SecurityContextHolder to anonymous SecurityContext
2026-08-14 15:59:55.541 [http-nio-8080-exec-1] INFO  c.f.e.filter.RequestLoggingFilter [7e17cc2b-11f7-4048-be5b-91ad0359e15a] [anonymousUser] - OUTGOING_RESPONSE - Method: GET Path: /readvantage/api/user/me Status: 200 Duration: 43ms
2026-08-14 16:00:12.156 [http-nio-8080-exec-2] DEBUG o.s.security.web.FilterChainProxy [] [] - Securing GET /api/user/me
2026-08-14 16:00:12.157 [http-nio-8080-exec-2] DEBUG o.s.security.web.FilterChainProxy [] [] - Secured GET /api/user/me
2026-08-14 16:00:12.159 [http-nio-8080-exec-2] INFO  c.f.e.filter.RequestLoggingFilter [03e4b3f1-f9bf-4a47-bfaa-6afef58ebd98] [] - INCOMING_REQUEST - Method: GET Path: /readvantage/api/user/me RemoteAddr: 0:0:0:0:0:0:0:1
2026-08-14 16:00:12.166 [http-nio-8080-exec-2] DEBUG o.s.s.w.a.AnonymousAuthenticationFilter [03e4b3f1-f9bf-4a47-bfaa-6afef58ebd98] [] - Set SecurityContextHolder to anonymous SecurityContext
2026-08-14 16:00:12.167 [http-nio-8080-exec-2] INFO  c.f.e.filter.RequestLoggingFilter [03e4b3f1-f9bf-4a47-bfaa-6afef58ebd98] [anonymousUser] - OUTGOING_RESPONSE - Method: GET Path: /readvantage/api/user/me Status: 200 Duration: 7ms
2026-08-14 16:00:12.180 [http-nio-8080-exec-3] DEBUG o.s.security.web.FilterChainProxy [] [] - Securing GET /api/user/me
2026-08-14 16:00:12.181 [http-nio-8080-exec-3] DEBUG o.s.security.web.FilterChainProxy [] [] - Secured GET /api/user/me
2026-08-14 16:00:12.181 [http-nio-8080-exec-3] INFO  c.f.e.filter.RequestLoggingFilter [22f3f64c-db3c-4a3e-b42c-b2779a772730] [] - INCOMING_REQUEST - Method: GET Path: /readvantage/api/user/me RemoteAddr: 0:0:0:0:0:0:0:1
2026-08-14 16:00:12.181 [http-nio-8080-exec-3] DEBUG o.s.s.w.a.AnonymousAuthenticationFilter [22f3f64c-db3c-4a3e-b42c-b2779a772730] [] - Set SecurityContextHolder to anonymous SecurityContext
2026-08-14 16:00:12.182 [http-nio-8080-exec-3] INFO  c.f.e.filter.RequestLoggingFilter [22f3f64c-db3c-4a3e-b42c-b2779a772730] [anonymousUser] - OUTGOING_RESPONSE - Method: GET Path: /readvantage/api/user/me Status: 200 Duration: 1ms
2026-08-14 16:00:15.288 [http-nio-8080-exec-4] DEBUG o.s.security.web.FilterChainProxy [] [] - Securing GET /api/user/me
2026-08-14 16:00:15.289 [http-nio-8080-exec-4] DEBUG o.s.security.web.FilterChainProxy [] [] - Secured GET /api/user/me
2026-08-14 16:00:15.289 [http-nio-8080-exec-4] INFO  c.f.e.filter.RequestLoggingFilter [18a9c97e-fe61-49e1-bd28-911aca4e08a1] [] - INCOMING_REQUEST - Method: GET Path: /readvantage/api/user/me RemoteAddr: 0:0:0:0:0:0:0:1
2026-08-14 16:00:15.291 [http-nio-8080-exec-4] DEBUG o.s.s.w.a.AnonymousAuthenticationFilter [18a9c97e-fe61-49e1-bd28-911aca4e08a1] [] - Set SecurityContextHolder to anonymous SecurityContext
2026-08-14 16:00:15.291 [http-nio-8080-exec-4] INFO  c.f.e.filter.RequestLoggingFilter [18a9c97e-fe61-49e1-bd28-911aca4e08a1] [anonymousUser] - OUTGOING_RESPONSE - Method: GET Path: /readvantage/api/user/me Status: 200 Duration: 2ms
2026-08-14 16:00:15.377 [http-nio-8080-exec-5] DEBUG o.s.security.web.FilterChainProxy [] [] - Securing GET /api/user/me
2026-08-14 16:00:15.380 [http-nio-8080-exec-5] DEBUG o.s.security.web.FilterChainProxy [] [] - Secured GET /api/user/me
2026-08-14 16:00:15.380 [http-nio-8080-exec-5] INFO  c.f.e.filter.RequestLoggingFilter [0fcc9165-0b00-4312-bdec-602c950b2b43] [] - INCOMING_REQUEST - Method: GET Path: /readvantage/api/user/me RemoteAddr: 0:0:0:0:0:0:0:1
2026-08-14 16:00:15.382 [http-nio-8080-exec-5] DEBUG o.s.s.w.a.AnonymousAuthenticationFilter [0fcc9165-0b00-4312-bdec-602c950b2b43] [] - Set SecurityContextHolder to anonymous SecurityContext
2026-08-14 16:00:15.383 [http-nio-8080-exec-5] INFO  c.f.e.filter.RequestLoggingFilter [0fcc9165-0b00-4312-bdec-602c950b2b43] [anonymousUser] - OUTGOING_RESPONSE - Method: GET Path: /readvantage/api/user/me Status: 200 Duration: 3ms
2026-08-14 16:00:57.298 [http-nio-8080-exec-7] DEBUG o.s.security.web.FilterChainProxy [] [] - Securing GET /api/user/me
2026-08-14 16:00:57.300 [http-nio-8080-exec-7] DEBUG o.s.security.web.FilterChainProxy [] [] - Secured GET /api/user/me
2026-08-14 16:00:57.301 [http-nio-8080-exec-7] INFO  c.f.e.filter.RequestLoggingFilter [eaded2ef-a6fc-4e28-86a4-b2e88b50ee65] [] - INCOMING_REQUEST - Method: GET Path: /readvantage/api/user/me RemoteAddr: 0:0:0:0:0:0:0:1
2026-08-14 16:00:57.302 [http-nio-8080-exec-7] DEBUG o.s.s.w.a.AnonymousAuthenticationFilter [eaded2ef-a6fc-4e28-86a4-b2e88b50ee65] [] - Set SecurityContextHolder to anonymous SecurityContext
2026-08-14 16:00:57.302 [http-nio-8080-exec-7] INFO  c.f.e.filter.RequestLoggingFilter [eaded2ef-a6fc-4e28-86a4-b2e88b50ee65] [anonymousUser] - OUTGOING_RESPONSE - Method: GET Path: /readvantage/api/user/me Status: 200 Duration: 1ms
2026-08-14 19:39:29.283 [http-nio-8080-exec-6] DEBUG o.s.security.web.FilterChainProxy [] [] - Securing OPTIONS /api/user/me
2026-08-14 19:39:29.287 [http-nio-8080-exec-9] DEBUG o.s.security.web.FilterChainProxy [] [] - Securing GET /api/user/me
2026-08-14 19:39:29.288 [http-nio-8080-exec-9] DEBUG o.s.security.web.FilterChainProxy [] [] - Secured GET /api/user/me
2026-08-14 19:39:29.288 [http-nio-8080-exec-9] INFO  c.f.e.filter.RequestLoggingFilter [6d45281f-b18e-4067-a855-5fda89623f01] [] - INCOMING_REQUEST - Method: GET Path: /readvantage/api/user/me RemoteAddr: 0:0:0:0:0:0:0:1
2026-08-14 19:39:29.296 [http-nio-8080-exec-9] DEBUG o.s.s.w.a.AnonymousAuthenticationFilter [6d45281f-b18e-4067-a855-5fda89623f01] [] - Set SecurityContextHolder to anonymous SecurityContext
2026-08-14 19:39:29.296 [http-nio-8080-exec-9] INFO  c.f.e.filter.RequestLoggingFilter [6d45281f-b18e-4067-a855-5fda89623f01] [anonymousUser] - OUTGOING_RESPONSE - Method: GET Path: /readvantage/api/user/me Status: 200 Duration: 8ms
